,0,1,2,3,4,5,6,7,8,9,10,11,12,13,14,15,16,17,18,19,20,21,22,23,24,25,26,27,28,29,30,31,32,33,34,35,36,37,38,39,40,41,42,43,44,45,46,47,48,49,50,51,52,53,54,55,56,57,58,59,60,61,62,63,64,65,66,67,68,69,70,71,72,73,74,75,76,77,78,79,80,81,82,83,84,85,86,87,88,89,90,91,92
0,0,0.000902771508531191,0.00198311519066236,0.0107739754622709,0.0272049144361562,0.00820344544708778,0.00219394471259324,0,0.00161264312207708,0.00198609731876862,0.00283018867924528,0.00748727163821503,0.00219394471259324,0.0611932687404386,0.0559817540949616,0.0857632933104631,0.00369959304476508,0.0138480180024234,0.0120068610634648,0.0117258288028995,0.0948666596395067,0,0.0117924528301887,0.0235849056603774,0.0244332835618298,0.0416641866555562,0.0838574423480084,0.137221269296741,0.16610224157394,0.179245283018868,0.184979652238254,0.168170631665299,0.188679245283019,0.0322135296824666,0.00877577885037297,0.00410172272354389,0.0102543068088597,0.0532172230285438,0.118658280922432,0.123051681706317,0,0.00483792936623125,0.0134770889487871,0.00410172272354389,0.0188679245283019,0.0221975582685905,0.0372043582248206,0.087436723423838,0.0357839947950553,0.157232704402516,0.0912964090079124,0.111351685740798,0.0610432852386237,0.0997304582210243,0.0422416220782878,0.0196882690730107,0.00377358490566038,0.00416970707807776,0.00857632933104631,0,0.00171526586620926,0.0125786163522013,0.124306326304107,0.0224618149146451,0.0774577954319762,0.0927406459865686,0.0908455625436757,0.089622641509434,0.184077312471238,0.159447249534946,0.168170631665299,0.0623733042257914,0.137989298789074,0.14937106918239,0.11512631915574,0.0157232704402516,0.0575241601472619,0.0283018867924528,0.169537872573147,0.171832884097035,0.120068610634648,0.131027253668763,0.050314465408805,0.00232937339855579,0.0182592818015825,0,0.0451767207015679,0,0.00260247234873129,0.0025360113613309,0,0.0512462147682273,0.102543068088597
1,0,4.5786497561869e-05,0.000100579047947469,0.000546431291387901,0.00137977078001558,0.000416059912627418,0.00011127183709803,0,8.1789555473766e-05,0.000100730294636112,0.000143540669856459,0.000379737221842485,0.00011127183709803,0.00310358205095047,0.00283926599716073,0.00434971726837756,0.000187634862557463,0.0007023396690224309,0.000608960417572858,0.000594707106749926,0.00481141910133383,0,0.000598086124401914,0.00119617224880383,0.00123920002753778,0.00211311185908563,0.00425305688463583,0.00695954762940409,0.0084243242137979,0.00909090909090909,0.00938174312787316,0.00852922820886208,0.00956937799043062,0.00163379624226864,0.000445087348392122,0.000208029956313709,0.000520074890784273,0.00269905533063428,0.0060180754917597,0.00624089868941128,0,0.000245368666421298,0.000683526999316473,0.000208029956313709,0.000956937799043062,0.00112580917534478,0.00188691960374688,0.00443458980044346,0.00181488203266788,0.00797448165869218,0.00463034418891804,0.0056475017648443,0.00309597523219814,0.0050580997949419,0.00214239805755909,0.000998543790305804,0.000191387559808612,0.000211477966639351,0.000434971726837756,0,8.69943453675511e-05,0.000637958532695375,0.00630453138193076,0.00113921166552745,0.00392848149080836,0.00470359257156759,0.00460747829168882,0.00454545454545455,0.00933597852724939,0.00808679830177236,0.00852922820886208,0.00316343074063822,0.00699850032135971,0.00757575757575758,0.00583894250263563,0.000797448165869219,0.00291749328976543,0.00143540669856459,0.00859857152763331,0.00871496924128503,0.00608960417572858,0.00664540138224349,0.0025518341307815,0.000118140469017662,0.000926068837783609,0,0.0022912595188355,0,0.000131991420557664,0.00012862067191439,0,0.00259909031838856,0.00520074890784273
2,0,0.0015230541546331,0.00334568803037272,0.0181766348789903,0.0458970598505482,0.0138399268834051,0.00370137579439905,0,0.00272066938733605,0.00335071914019282,0.00477477477477477,0.012631679298346,0.00370137579439905,0.103238373508644,0.0944460944460944,0.144690144690145,0.00624153565330036,0.023362812353638,0.0202566202566203,0.0197824943587655,0.160048316472897,0,0.0198948948948949,0.0397897897897898,0.0412210771923002,0.070291111300575,0.141474808141475,0.231504231504231,0.280228946895614,0.302402402402402,0.312076782665018,0.283718501109805,0.318318318318318,0.0543470299567861,0.0148055031775962,0.00691996344170257,0.0172999086042564,0.0897820897820898,0.200186853520187,0.207598903251077,0,0.00816200816200816,0.0227370227370227,0.00691996344170257,0.0318318318318318,0.0374492139198022,0.0627669923444571,0.147513367025562,0.0603707155431293,0.265265265265265,0.15402499273467,0.18785999113868,0.102985338279456,0.168253968253968,0.0712652951458922,0.0332158245201723,0.00636636636636637,0.00703465896836063,0.0144690144690145,0,0.00289380289380289,0.0212212212212212,0.209715597950892,0.0378950378950379,0.13067804646752,0.156461546292055,0.153264375486598,0.151201201201201,0.31055445689592,0.269001395761959,0.283718501109805,0.105229196138287,0.232799964143248,0.252002002002002,0.194228126431516,0.0265265265265265,0.0970482677799751,0.0477477477477477,0.286025155590373,0.28989703989704,0.202566202566203,0.221054387721054,0.0848848848848849,0.00392985578170763,0.030804998546934,0,0.0762170621325551,0,0.00439059749404577,0.0042784720204075,0,0.0864568271975679,0.172999086042564
3,0,1.02455867135232e-05,2.25064464893159e-05,0.000122274239721704,0.000308749564264728,9.3101201005493e-05,2.48991584084458e-05,0,1.83019454968063e-05,2.25402907697509e-05,3.21199143468951e-05,8.49733183780293e-05,2.48991584084458e-05,0.000694484634527461,0.000635338965103419,0.000973330737784699,4.19868161397321e-05,0.000157161660412942,0.000136266303289858,0.000133076857934405,0.00107664517363894,0,0.000133832976445396,0.000267665952890792,0.000277294224577511,0.000472848371037362,0.000951701165833928,0.00155732918045552,0.00188510038617105,0.00203426124197002,0.00209934080698661,0.00190857462061261,0.00214132762312634,0.00036559252102157,9.95966336337832e-05,4.65506005027465e-05,0.000116376501256866,0.000603964201394608,0.00134665714965501,0.00139651801508239,0,5.49058364904189e-05,0.000152951973080453,4.65506005027465e-05,0.000214132762312634,0.000251920896838393,0.000422233615827729,0.000992322557058547,0.000406113859558443,0.00178443968593862,0.00103612626925468,0.00126373433495981,0.00069278246630558,0.00113184460079535,0.000479401706670076,0.000223442882413183,4.28265524625268e-05,4.73221574171566e-05,9.73330737784699e-05,0,1.9466614755694e-05,0.000142755174875089,0.001410757022295,0.000254919955134088,0.000879071340020286,0.00105251696729939,0.00103100959632009,0.00101713062098501,0.00208910012012326,0.00180957263926169,0.00190857462061261,0.000707876900207054,0.00156604557512225,0.00169521770164168,0.00130657278699234,0.000178443968593862,0.000652843787538518,0.000321199143468951,0.00192409148744685,0.00195013765677577,0.00136266303289858,0.00148703307161551,0.000571020699500357,2.64361434953869e-05,0.000207225253850936,0,0.000512712247790813,0,2.95355534224323e-05,2.87812852570744e-05,0,0.000581595156898512,0.00116376501256866
4,0,0.0,0.0,0.0,0.0,0.0,0.0,0,0.0,0.0,0.0,0.0,0.0,0.0,0.0,0.0,0.0,0.0,0.0,0.0,0.0,0,0.0,0.0,0.0,0.0,0.0,0.0,0.0,0.0,0.0,0.0,0.0,0.0,0.0,0.0,0.0,0.0,0.0,0.0,0,0.0,0.0,0.0,0.0,0.0,0.0,0.0,0.0,0.0,0.0,0.0,0.0,0.0,0.0,0.0,0.0,0.0,0.0,0,0.0,0.0,0.0,0.0,0.0,0.0,0.0,0.0,0.0,0.0,0.0,0.0,0.0,0.0,0.0,0.0,0.0,0.0,0.0,0.0,0.0,0.0,0.0,0.0,0.0,0,0.0,0,0.0,0.0,0,0.0,0.0
5,0,0.0,0.0,0.0,0.0,0.0,0.0,0,0.0,0.0,0.0,0.0,0.0,0.0,0.0,0.0,0.0,0.0,0.0,0.0,0.0,0,0.0,0.0,0.0,0.0,0.0,0.0,0.0,0.0,0.0,0.0,0.0,0.0,0.0,0.0,0.0,0.0,0.0,0.0,0,0.0,0.0,0.0,0.0,0.0,0.0,0.0,0.0,0.0,0.0,0.0,0.0,0.0,0.0,0.0,0.0,0.0,0.0,0,0.0,0.0,0.0,0.0,0.0,0.0,0.0,0.0,0.0,0.0,0.0,0.0,0.0,0.0,0.0,0.0,0.0,0.0,0.0,0.0,0.0,0.0,0.0,0.0,0.0,0,0.0,0,0.0,0.0,0,0.0,0.0
6,0,1.1127183709803e-05,2.44430476988617e-05,0.000132795511511711,0.000335316387236344,0.000101112234580384,2.70416441319632e-05,0,1.98767640628106e-05,2.44798041615667e-05,3.48837209302326e-05,9.22849760059062e-05,2.70416441319632e-05,0.000754242614707731,0.000690007666751853,0.00105708245243129,4.55996352029184e-05,0.000170684873053126,0.000147991543340381,0.000144527657338063,0.00116928673509159,0,0.000145348837209302,0.000290697674418605,0.000301154425296972,0.000513535323894065,0.00103359173126615,0.00169133192389006,0.00204730669846949,0.0022093023255814,0.00227998176014592,0.00207280080889788,0.00232558139534884,0.000397050482132728,0.000108166576527853,5.05561172901921e-05,0.00012639029322548,0.000655933214072749,0.0014625322997416,0.00151668351870576,0,5.96302921884317e-05,0.000166112956810631,5.05561172901921e-05,0.000232558139534884,0.00027359781121751,0.000458565345561743,0.00107770845150312,0.000441058540497193,0.00193798449612403,0.00112528132033008,0.00137247426610751,0.000752393980848153,0.00122923588039867,0.000520652551197501,0.000242669362992922,4.65116279069767e-05,5.13940639856097e-05,0.000105708245243129,0,2.11416490486258e-05,0.000155038759689922,0.00153214774281806,0.000276854928017719,0.000954712362301102,0.00114308238076468,0.00111972437553833,0.0011046511627907,0.0022688598979013,0.00196528005240747,0.00207280080889788,0.000768787238131847,0.00170079833391184,0.00184108527131783,0.00141899881750099,0.000193798449612403,0.000709018718094158,0.000348837209302326,0.00208965284799461,0.00211794019933555,0.00147991543340381,0.00161498708010336,0.00062015503875969,2.87108814240597e-05,0.000225056264066017,0,0.000556829348182116,0,3.20769847634322e-05,3.12578144536134e-05,0,0.000631639391329314,0.0012639029322548
7,0,0.0,0.0,0.0,0.0,0.0,0.0,0,0.0,0.0,0.0,0.0,0.0,0.0,0.0,0.0,0.0,0.0,0.0,0.0,0.0,0,0.0,0.0,0.0,0.0,0.0,0.0,0.0,0.0,0.0,0.0,0.0,0.0,0.0,0.0,0.0,0.0,0.0,0.0,0,0.0,0.0,0.0,0.0,0.0,0.0,0.0,0.0,0.0,0.0,0.0,0.0,0.0,0.0,0.0,0.0,0.0,0.0,0,0.0,0.0,0.0,0.0,0.0,0.0,0.0,0.0,0.0,0.0,0.0,0.0,0.0,0.0,0.0,0.0,0.0,0.0,0.0,0.0,0.0,0.0,0.0,0.0,0.0,0,0.0,0,0.0,0.0,0,0.0,0.0
8,0,8.1789555473766e-05,0.000179666846333513,0.00097610375982967,0.00246471874378851,0.000743218134522482,0.000198767640628106,0,0.000146102710205274,0.000179937022042285,0.000256410256410256,0.000678334011667345,0.000198767640628106,0.00554400554400554,0.00507185122569738,0.00777000777000777,0.000335176805765041,0.00125460675919392,0.00108780108780109,0.00106234004539089,0.00859475719810915,0,0.00106837606837607,0.00213675213675214,0.00221361372440509,0.0037747040901615,0.00759734093067426,0.0124320124320124,0.0150485791511433,0.0162393162393162,0.0167588402882521,0.0152359717577109,0.0170940170940171,0.00291849072336877,0.000795070562512423,0.000371609067261241,0.000929022668153103,0.00482138943677405,0.0107502374169041,0.0111482720178372,0,0.000438308130615823,0.00122100122100122,0.000371609067261241,0.00170940170940171,0.00201106083459025,0.0033706512579752,0.00792161767771524,0.00324196875921014,0.0142450142450142,0.00827129859387924,0.0100882723833544,0.00553041729512318,0.00903540903540904,0.00382701875239189,0.00178372352285396,0.000341880341880342,0.000377768333569439,0.000777000777000777,0,0.000155400155400155,0.00113960113960114,0.0112619406737054,0.00203500203500203,0.00701754385964912,0.00840214399536434,0.00823045267489712,0.00811965811965812,0.0166770898478216,0.0144456482484651,0.0152359717577109,0.00565091474182383,0.0125015945911468,0.0135327635327635,0.0104302477183833,0.00142450142450142,0.00521159057744424,0.00256410256410256,0.015359841446798,0.0155677655677656,0.0108780108780109,0.0118708452041785,0.00455840455840456,0.000211037248074285,0.00165425971877585,0,0.00409293367039846,0,0.000235779546124374,0.000229758294274423,0,0.00464281945763427,0.00929022668153103
9,0,0.0034248300176278,0.00752331278647068,0.040873060595815,0.103206854345165,0.0311212814645309,0.00832313341493268,0,0.0061178587494377,0.00753462603878116,0.0107368421052632,0.0284043441938179,0.00832313341493268,0.232147937411095,0.212377096587623,0.325358851674641,0.0140350877192982,0.0525350072428778,0.0455502392344498,0.0444840915848944,0.359894148779771,0,0.0447368421052632,0.0894736842105263,0.0926921620598258,0.158060767059605,0.31812865497076,0.520574162679426,0.630139451192083,0.68,0.701754385964912,0.637986270022883,0.715789473684211,0.122207958921694,0.0332925336597307,0.0155606407322654,0.0389016018306636,0.201889338731444,0.450152046783626,0.466819221967963,0,0.0183535762483131,0.0511278195488722,0.0155606407322654,0.071578947368421,0.0842105263157895,0.141141586360267,0.331707317073171,0.135753176043557,0.596491228070175,0.34634974533107,0.422433132010354,0.231578947368421,0.378345864661654,0.16025137470542,0.0746910755148741,0.0143157894736842,0.0158185519046234,0.0325358851674641,0,0.00650717703349282,0.047719298245614,0.471578947368421,0.0852130325814536,0.293850415512465,0.351828724353256,0.344639376218324,0.34,0.698331193838254,0.604892512972572,0.637986270022883,0.236624619399739,0.523487824037706,0.566666666666667,0.436752899197145,0.0596491228070175,0.218228498074454,0.107368421052632,0.643173150266972,0.65187969924812,0.455502392344498,0.497076023391813,0.190877192982456,0.00883690708252112,0.0692699490662139,0,0.171386212008895,0,0.00987295825771325,0.00962082625919638,0,0.194411955815465,0.389016018306636
10,0,0.000813397129186603,0.00178678678678679,0.00970735189150607,0.0245116279069767,0.00739130434782609,0.00197674418604651,0,0.00145299145299145,0.00178947368421053,0.00255,0.00674603174603175,0.00197674418604651,0.0551351351351351,0.0504395604395604,0.0772727272727273,0.00333333333333333,0.0124770642201835,0.0108181818181818,0.0105649717514124,0.0854748603351955,0,0.010625,0.02125,0.0220143884892086,0.0375394321766562,0.0755555555555556,0.123636363636364,0.14965811965812,0.1615,0.166666666666667,0.151521739130435,0.17,0.0290243902439024,0.00790697674418605,0.00369565217391304,0.00923913043478261,0.0479487179487179,0.106911111111111,0.110869565217391,0,0.00435897435897436,0.0121428571428571,0.00369565217391304,0.017,0.02,0.0335211267605634,0.078780487804878,0.0322413793103448,0.141666666666667,0.082258064516129,0.100327868852459,0.055,0.0898571428571429,0.0380597014925373,0.0177391304347826,0.0034,0.00375690607734807,0.00772727272727273,0,0.00154545454545455,0.0113333333333333,0.112,0.0202380952380952,0.0697894736842105,0.0835593220338983,0.0818518518518519,0.08075,0.165853658536585,0.143661971830986,0.151521739130435,0.056198347107438,0.124328358208955,0.134583333333333,0.103728813559322,0.0141666666666667,0.0518292682926829,0.0255,0.152753623188406,0.154821428571429,0.108181818181818,0.118055555555556,0.0453333333333333,0.00209876543209877,0.0164516129032258,0,0.0407042253521127,0,0.0023448275862069,0.00228494623655914,0,0.0461728395061728,0.0923913043478261
11,0,0.00026581605528974,0.000583917250583917,0.00317233721944643,0.00801033591731266,0.00241545893719807,0.000645994832041344,0,0.000474833808167142,0.000584795321637427,0.000833333333333333,0.00220458553791887,0.000645994832041344,0.018018018018018,0.0164835164835165,0.0252525252525253,0.00108932461873638,0.00407747196738022,0.00353535353535354,0.0034526051475204,0.0279329608938547,0,0.00347222222222222,0.00694444444444444,0.00719424460431655,0.0122677882930249,0.0246913580246914,0.0404040404040404,0.0489078822412156,0.0527777777777778,0.0544662309368192,0.0495169082125604,0.0555555555555556,0.00948509485094851,0.00258397932816537,0.00120772946859903,0.00301932367149758,0.0156695156695157,0.0349382716049383,0.036231884057971,0,0.00142450142450142,0.00396825396825397,0.00120772946859903,0.00555555555555556,0.0065359477124183,0.0109546165884194,0.0257452574525745,0.010536398467433,0.0462962962962963,0.0268817204301075,0.0327868852459016,0.0179738562091503,0.0293650793650794,0.0124378109452736,0.00579710144927536,0.00111111111111111,0.00122774708410068,0.00252525252525253,0,0.000505050505050505,0.0037037037037037,0.0366013071895425,0.00661375661375661,0.0228070175438597,0.0273069679849341,0.0267489711934156,0.0263888888888889,0.0542005420054201,0.0469483568075117,0.0495169082125604,0.0183654729109275,0.0406301824212272,0.0439814814814815,0.0338983050847458,0.00462962962962963,0.0169376693766938,0.00833333333333333,0.0499194847020934,0.0505952380952381,0.0353535353535354,0.0385802469135802,0.0148148148148148,0.000685871056241427,0.00537634408602151,0,0.013302034428795,0,0.000766283524904215,0.000746714456391876,0,0.0150891632373114,0.0301932367149758
12,0,0.00011127183709803,0.000244430476988617,0.00132795511511711,0.00335316387236344,0.00101112234580384,0.000270416441319632,0,0.000198767640628106,0.000244798041615667,0.000348837209302326,0.000922849760059062,0.000270416441319632,0.00754242614707731,0.00690007666751853,0.0105708245243129,0.000455996352029184,0.00170684873053126,0.00147991543340381,0.00144527657338063,0.0116928673509159,0,0.00145348837209302,0.00290697674418605,0.00301154425296972,0.00513535323894065,0.0103359173126615,0.0169133192389006,0.0204730669846949,0.022093023255814,0.0227998176014592,0.0207280080889788,0.0232558139534884,0.00397050482132728,0.00108166576527853,0.000505561172901921,0.0012639029322548,0.00655933214072749,0.014625322997416,0.0151668351870576,0,0.000596302921884317,0.00166112956810631,0.000505561172901921,0.00232558139534884,0.0027359781121751,0.00458565345561743,0.0107770845150312,0.00441058540497193,0.0193798449612403,0.0112528132033008,0.0137247426610751,0.00752393980848153,0.0122923588039867,0.00520652551197501,0.00242669362992922,0.000465116279069767,0.000513940639856097,0.00105708245243129,0,0.000211416490486258,0.00155038759689922,0.0153214774281806,0.00276854928017719,0.00954712362301102,0.0114308238076468,0.0111972437553833,0.011046511627907,0.022688598979013,0.0196528005240747,0.0207280080889788,0.00768787238131847,0.0170079833391184,0.0184108527131783,0.0141899881750099,0.00193798449612403,0.00709018718094158,0.00348837209302326,0.0208965284799461,0.0211794019933555,0.0147991543340381,0.0161498708010336,0.0062015503875969,0.000287108814240597,0.00225056264066016,0,0.00556829348182116,0,0.000320769847634322,0.000312578144536134,0,0.00631639391329314,0.012639029322548
13,0,0.000905211431527221,0.00198847496144793,0.0108030943148716,0.0272784412319296,0.0082256169212691,0.00219987429289755,0,0.00161700161700162,0.00199146514935989,0.00283783783783784,0.00750750750750751,0.00219987429289755,0.0613586559532505,0.0561330561330561,0.085995085995086,0.00370959194488606,0.0138854450781056,0.012039312039312,0.0117575202320965,0.0951230560169108,0,0.0118243243243243,0.0236486486486486,0.0244993194633482,0.0417767925654361,0.0840840840840841,0.137592137592138,0.166551166551167,0.17972972972973,0.185479597244303,0.168625146886016,0.189189189189189,0.032300593276203,0.0087994971715902,0.00411280846063455,0.0102820211515864,0.0533610533610534,0.118978978978979,0.123384253819036,0,0.00485100485100485,0.0135135135135135,0.00411280846063455,0.0189189189189189,0.0222575516693164,0.0373049105443472,0.0876730388925511,0.0358807082945014,0.157657657657658,0.0915431560592851,0.1116526362428,0.06120826709062,0.1,0.0423557886244453,0.0197414806110458,0.00378378378378378,0.00418097655666716,0.0085995085995086,0,0.00171990171990172,0.0126126126126126,0.124642289348172,0.0225225225225225,0.0776671408250356,0.0929912963811269,0.0910910910910911,0.0898648648648649,0.18457481872116,0.159878188047202,0.168625146886016,0.0625418807236989,0.138362242839855,0.149774774774775,0.115437471369675,0.0157657657657658,0.0576796308503626,0.0283783783783784,0.169996083039561,0.172297297297297,0.12039312039312,0.131381381381381,0.0504504504504504,0.00233566900233567,0.018308631211857,0,0.0452988199467073,0,0.00260950605778192,0.00254286544609125,0,0.0513847180513847,0.102820211515864
14,0,0.0,0.0,0.0,0.0,0.0,0.0,0,0.0,0.0,0.0,0.0,0.0,0.0,0.0,0.0,0.0,0.0,0.0,0.0,0.0,0,0.0,0.0,0.0,0.0,0.0,0.0,0.0,0.0,0.0,0.0,0.0,0.0,0.0,0.0,0.0,0.0,0.0,0.0,0,0.0,0.0,0.0,0.0,0.0,0.0,0.0,0.0,0.0,0.0,0.0,0.0,0.0,0.0,0.0,0.0,0.0,0.0,0,0.0,0.0,0.0,0.0,0.0,0.0,0.0,0.0,0.0,0.0,0.0,0.0,0.0,0.0,0.0,0.0,0.0,0.0,0.0,0.0,0.0,0.0,0.0,0.0,0.0,0,0.0,0,0.0,0.0,0,0.0,0.0
15,0,0.0,0.0,0.0,0.0,0.0,0.0,0,0.0,0.0,0.0,0.0,0.0,0.0,0.0,0.0,0.0,0.0,0.0,0.0,0.0,0,0.0,0.0,0.0,0.0,0.0,0.0,0.0,0.0,0.0,0.0,0.0,0.0,0.0,0.0,0.0,0.0,0.0,0.0,0,0.0,0.0,0.0,0.0,0.0,0.0,0.0,0.0,0.0,0.0,0.0,0.0,0.0,0.0,0.0,0.0,0.0,0.0,0,0.0,0.0,0.0,0.0,0.0,0.0,0.0,0.0,0.0,0.0,0.0,0.0,0.0,0.0,0.0,0.0,0.0,0.0,0.0,0.0,0.0,0.0,0.0,0.0,0.0,0,0.0,0,0.0,0.0,0,0.0,0.0
16,0,0.0,0.0,0.0,0.0,0.0,0.0,0,0.0,0.0,0.0,0.0,0.0,0.0,0.0,0.0,0.0,0.0,0.0,0.0,0.0,0,0.0,0.0,0.0,0.0,0.0,0.0,0.0,0.0,0.0,0.0,0.0,0.0,0.0,0.0,0.0,0.0,0.0,0.0,0,0.0,0.0,0.0,0.0,0.0,0.0,0.0,0.0,0.0,0.0,0.0,0.0,0.0,0.0,0.0,0.0,0.0,0.0,0,0.0,0.0,0.0,0.0,0.0,0.0,0.0,0.0,0.0,0.0,0.0,0.0,0.0,0.0,0.0,0.0,0.0,0.0,0.0,0.0,0.0,0.0,0.0,0.0,0.0,0,0.0,0,0.0,0.0,0,0.0,0.0
17,0,4.38962293139019e-05,9.64267019312891e-05,0.000523872201376474,0.00132280776616172,0.000398883127243718,0.000106678045658204,0,7.84129224496197e-05,9.65717044905843e-05,0.000137614678899083,0.00036405999708752,0.000106678045658204,0.00297545251673692,0.00272204859360823,0.00417014178482068,0.000179888469149128,0.000673343994613248,0.000583819849874896,0.000570154978489608,0.00461278253293014,0,0.000573394495412844,0.00114678899082569,0.00118804039337337,0.00202587329609585,0.00407747196738022,0.00667222685571309,0.00807653101231083,0.00871559633027523,0.00899442345745638,0.00817710410849621,0.00917431192660551,0.00156634593868874,0.000426712182632814,0.000199441563621859,0.000498603909054647,0.00258762644083745,0.00576962283384302,0.00598324690865576,0,0.000235238767348859,0.000655307994757536,0.000199441563621859,0.000917431192660551,0.00107933081489477,0.00180901925313348,0.00425151040501231,0.00173995571021829,0.00764525993883792,0.00443918319029299,0.00541434802225899,0.0029681597409606,0.00484927916120577,0.00205395043132959,0.000957319505384922,0.00018348623853211,0.000202747224897359,0.000417014178482068,0,8.34028356964137e-05,0.000611620795107034,0.00604425256341069,0.00109217999126256,0.00376629647513279,0.00450940755714508,0.00441726129799524,0.00435779816513761,0.00895054822107854,0.00775293965628634,0.00817710410849621,0.0030328303889605,0.00670957140901,0.00726299694189602,0.00559788524335251,0.000764525993883792,0.00279704631908704,0.00137614678899083,0.0082435846297035,0.00835517693315858,0.00583819849874896,0.0063710499490316,0.00244648318042813,0.000113263110205006,0.000887836638058597,0,0.0021966662359478,0,0.000126542233470421,0.000123310644174805,0,0.00249178842451014,0.00498603909054647
18,0,4.34971726837756e-05,9.55500955500956e-05,0.000519109726818506,0.0013107822410148,0.000395256916996047,0.000105708245243129,0,7.77000777000777e-05,9.56937799043062e-05,0.000136363636363636,0.000360750360750361,0.000105708245243129,0.00294840294840295,0.0026973026973027,0.00413223140495868,0.00017825311942959,0.000667222685571309,0.000578512396694215,0.000564971751412429,0.00457084814626714,0,0.000568181818181818,0.00113636363636364,0.00117724002616089,0.00200745626613135,0.00404040404040404,0.00661157024793388,0.008003108003108,0.00863636363636364,0.0089126559714795,0.00810276679841897,0.00909090909090909,0.00155210643015521,0.000422832980972516,0.000197628458498024,0.000494071146245059,0.00256410256410256,0.00571717171717172,0.00592885375494071,0,0.000233100233100233,0.000649350649350649,0.000197628458498024,0.000909090909090909,0.00106951871657754,0.00179257362355954,0.00421286031042129,0.00172413793103448,0.00757575757575758,0.00439882697947214,0.00536512667660209,0.00294117647058824,0.00480519480519481,0.00203527815468114,0.000948616600790514,0.000181818181818182,0.000200904068307383,0.000413223140495868,0,8.26446280991736e-05,0.000606060606060606,0.00598930481283422,0.00108225108225108,0.00373205741626794,0.00446841294298921,0.00437710437710438,0.00431818181818182,0.00886917960088692,0.00768245838668374,0.00810276679841897,0.00300525920360631,0.00664857530529172,0.0071969696969697,0.00554699537750385,0.000757575757575758,0.00277161862527716,0.00136363636363636,0.00816864295125165,0.00827922077922078,0.00578512396694215,0.00631313131313131,0.00242424242424242,0.000112233445566779,0.000879765395894428,0,0.00217669654289373,0,0.000125391849529781,0.000122189638318671,0,0.00246913580246914,0.00494071146245059
19,0,0.0,0.0,0.0,0.0,0.0,0.0,0,0.0,0.0,0.0,0.0,0.0,0.0,0.0,0.0,0.0,0.0,0.0,0.0,0.0,0,0.0,0.0,0.0,0.0,0.0,0.0,0.0,0.0,0.0,0.0,0.0,0.0,0.0,0.0,0.0,0.0,0.0,0.0,0,0.0,0.0,0.0,0.0,0.0,0.0,0.0,0.0,0.0,0.0,0.0,0.0,0.0,0.0,0.0,0.0,0.0,0.0,0,0.0,0.0,0.0,0.0,0.0,0.0,0.0,0.0,0.0,0.0,0.0,0.0,0.0,0.0,0.0,0.0,0.0,0.0,0.0,0.0,0.0,0.0,0.0,0.0,0.0,0,0.0,0,0.0,0.0,0,0.0,0.0
20,0,0.0,0.0,0.0,0.0,0.0,0.0,0,0.0,0.0,0.0,0.0,0.0,0.0,0.0,0.0,0.0,0.0,0.0,0.0,0.0,0,0.0,0.0,0.0,0.0,0.0,0.0,0.0,0.0,0.0,0.0,0.0,0.0,0.0,0.0,0.0,0.0,0.0,0.0,0,0.0,0.0,0.0,0.0,0.0,0.0,0.0,0.0,0.0,0.0,0.0,0.0,0.0,0.0,0.0,0.0,0.0,0.0,0,0.0,0.0,0.0,0.0,0.0,0.0,0.0,0.0,0.0,0.0,0.0,0.0,0.0,0.0,0.0,0.0,0.0,0.0,0.0,0.0,0.0,0.0,0.0,0.0,0.0,0,0.0,0,0.0,0.0,0,0.0,0.0
21,0,0.0,0.0,0.0,0.0,0.0,0.0,0,0.0,0.0,0.0,0.0,0.0,0.0,0.0,0.0,0.0,0.0,0.0,0.0,0.0,0,0.0,0.0,0.0,0.0,0.0,0.0,0.0,0.0,0.0,0.0,0.0,0.0,0.0,0.0,0.0,0.0,0.0,0.0,0,0.0,0.0,0.0,0.0,0.0,0.0,0.0,0.0,0.0,0.0,0.0,0.0,0.0,0.0,0.0,0.0,0.0,0.0,0,0.0,0.0,0.0,0.0,0.0,0.0,0.0,0.0,0.0,0.0,0.0,0.0,0.0,0.0,0.0,0.0,0.0,0.0,0.0,0.0,0.0,0.0,0.0,0.0,0.0,0,0.0,0,0.0,0.0,0,0.0,0.0
22,0,0.0,0.0,0.0,0.0,0.0,0.0,0,0.0,0.0,0.0,0.0,0.0,0.0,0.0,0.0,0.0,0.0,0.0,0.0,0.0,0,0.0,0.0,0.0,0.0,0.0,0.0,0.0,0.0,0.0,0.0,0.0,0.0,0.0,0.0,0.0,0.0,0.0,0.0,0,0.0,0.0,0.0,0.0,0.0,0.0,0.0,0.0,0.0,0.0,0.0,0.0,0.0,0.0,0.0,0.0,0.0,0.0,0,0.0,0.0,0.0,0.0,0.0,0.0,0.0,0.0,0.0,0.0,0.0,0.0,0.0,0.0,0.0,0.0,0.0,0.0,0.0,0.0,0.0,0.0,0.0,0.0,0.0,0,0.0,0,0.0,0.0,0,0.0,0.0
23,0,0.0,0.0,0.0,0.0,0.0,0.0,0,0.0,0.0,0.0,0.0,0.0,0.0,0.0,0.0,0.0,0.0,0.0,0.0,0.0,0,0.0,0.0,0.0,0.0,0.0,0.0,0.0,0.0,0.0,0.0,0.0,0.0,0.0,0.0,0.0,0.0,0.0,0.0,0,0.0,0.0,0.0,0.0,0.0,0.0,0.0,0.0,0.0,0.0,0.0,0.0,0.0,0.0,0.0,0.0,0.0,0.0,0,0.0,0.0,0.0,0.0,0.0,0.0,0.0,0.0,0.0,0.0,0.0,0.0,0.0,0.0,0.0,0.0,0.0,0.0,0.0,0.0,0.0,0.0,0.0,0.0,0.0,0,0.0,0,0.0,0.0,0,0.0,0.0
24,0,0.0,0.0,0.0,0.0,0.0,0.0,0,0.0,0.0,0.0,0.0,0.0,0.0,0.0,0.0,0.0,0.0,0.0,0.0,0.0,0,0.0,0.0,0.0,0.0,0.0,0.0,0.0,0.0,0.0,0.0,0.0,0.0,0.0,0.0,0.0,0.0,0.0,0.0,0,0.0,0.0,0.0,0.0,0.0,0.0,0.0,0.0,0.0,0.0,0.0,0.0,0.0,0.0,0.0,0.0,0.0,0.0,0,0.0,0.0,0.0,0.0,0.0,0.0,0.0,0.0,0.0,0.0,0.0,0.0,0.0,0.0,0.0,0.0,0.0,0.0,0.0,0.0,0.0,0.0,0.0,0.0,0.0,0,0.0,0,0.0,0.0,0,0.0,0.0
25,0,0.0,0.0,0.0,0.0,0.0,0.0,0,0.0,0.0,0.0,0.0,0.0,0.0,0.0,0.0,0.0,0.0,0.0,0.0,0.0,0,0.0,0.0,0.0,0.0,0.0,0.0,0.0,0.0,0.0,0.0,0.0,0.0,0.0,0.0,0.0,0.0,0.0,0.0,0,0.0,0.0,0.0,0.0,0.0,0.0,0.0,0.0,0.0,0.0,0.0,0.0,0.0,0.0,0.0,0.0,0.0,0.0,0,0.0,0.0,0.0,0.0,0.0,0.0,0.0,0.0,0.0,0.0,0.0,0.0,0.0,0.0,0.0,0.0,0.0,0.0,0.0,0.0,0.0,0.0,0.0,0.0,0.0,0,0.0,0,0.0,0.0,0,0.0,0.0
26,0,0.0,0.0,0.0,0.0,0.0,0.0,0,0.0,0.0,0.0,0.0,0.0,0.0,0.0,0.0,0.0,0.0,0.0,0.0,0.0,0,0.0,0.0,0.0,0.0,0.0,0.0,0.0,0.0,0.0,0.0,0.0,0.0,0.0,0.0,0.0,0.0,0.0,0.0,0,0.0,0.0,0.0,0.0,0.0,0.0,0.0,0.0,0.0,0.0,0.0,0.0,0.0,0.0,0.0,0.0,0.0,0.0,0,0.0,0.0,0.0,0.0,0.0,0.0,0.0,0.0,0.0,0.0,0.0,0.0,0.0,0.0,0.0,0.0,0.0,0.0,0.0,0.0,0.0,0.0,0.0,0.0,0.0,0,0.0,0,0.0,0.0,0,0.0,0.0
27,0,0.0,0.0,0.0,0.0,0.0,0.0,0,0.0,0.0,0.0,0.0,0.0,0.0,0.0,0.0,0.0,0.0,0.0,0.0,0.0,0,0.0,0.0,0.0,0.0,0.0,0.0,0.0,0.0,0.0,0.0,0.0,0.0,0.0,0.0,0.0,0.0,0.0,0.0,0,0.0,0.0,0.0,0.0,0.0,0.0,0.0,0.0,0.0,0.0,0.0,0.0,0.0,0.0,0.0,0.0,0.0,0.0,0,0.0,0.0,0.0,0.0,0.0,0.0,0.0,0.0,0.0,0.0,0.0,0.0,0.0,0.0,0.0,0.0,0.0,0.0,0.0,0.0,0.0,0.0,0.0,0.0,0.0,0,0.0,0,0.0,0.0,0,0.0,0.0
28,0,0.0,0.0,0.0,0.0,0.0,0.0,0,0.0,0.0,0.0,0.0,0.0,0.0,0.0,0.0,0.0,0.0,0.0,0.0,0.0,0,0.0,0.0,0.0,0.0,0.0,0.0,0.0,0.0,0.0,0.0,0.0,0.0,0.0,0.0,0.0,0.0,0.0,0.0,0,0.0,0.0,0.0,0.0,0.0,0.0,0.0,0.0,0.0,0.0,0.0,0.0,0.0,0.0,0.0,0.0,0.0,0.0,0,0.0,0.0,0.0,0.0,0.0,0.0,0.0,0.0,0.0,0.0,0.0,0.0,0.0,0.0,0.0,0.0,0.0,0.0,0.0,0.0,0.0,0.0,0.0,0.0,0.0,0,0.0,0,0.0,0.0,0,0.0,0.0
29,0,0.0,0.0,0.0,0.0,0.0,0.0,0,0.0,0.0,0.0,0.0,0.0,0.0,0.0,0.0,0.0,0.0,0.0,0.0,0.0,0,0.0,0.0,0.0,0.0,0.0,0.0,0.0,0.0,0.0,0.0,0.0,0.0,0.0,0.0,0.0,0.0,0.0,0.0,0,0.0,0.0,0.0,0.0,0.0,0.0,0.0,0.0,0.0,0.0,0.0,0.0,0.0,0.0,0.0,0.0,0.0,0.0,0,0.0,0.0,0.0,0.0,0.0,0.0,0.0,0.0,0.0,0.0,0.0,0.0,0.0,0.0,0.0,0.0,0.0,0.0,0.0,0.0,0.0,0.0,0.0,0.0,0.0,0,0.0,0,0.0,0.0,0,0.0,0.0
30,0,9.38174312787316e-05,0.000206088441382559,0.00111964843039286,0.00282717738258094,0.000852514919011083,0.000227998176014592,0,0.000167588402882521,0.000206398348813209,0.000294117647058824,0.000778089013383131,0.000227998176014592,0.00635930047694754,0.00581771170006464,0.0089126559714795,0.000384467512495194,0.00143910775319302,0.00124777183600713,0.00121856652265426,0.00985869208018403,0,0.00122549019607843,0.00245098039215686,0.00253914515446466,0.00432980763283231,0.00871459694989107,0.0142602495543672,0.0172616054968996,0.0186274509803922,0.0192233756247597,0.0174765558397272,0.0196078431372549,0.00334768053562889,0.000911992704058368,0.000426257459505541,0.00106564364876385,0.00553041729512318,0.0123311546840959,0.0127877237851662,0,0.000502765208647562,0.00140056022408964,0.000426257459505541,0.00196078431372549,0.00230680507497117,0.00386633526650097,0.00908656145384983,0.00371872887085869,0.0163398692810458,0.0094876660341556,0.0115718418514947,0.0063437139561707,0.0103641456582633,0.00438981562774363,0.0020460358056266,0.000392156862745098,0.000433322500270827,0.00089126559714795,0,0.00017825311942959,0.00130718954248366,0.0129181084198385,0.00233426704014939,0.00804953560371517,0.00963775340644732,0.00944081336238199,0.00931372549019608,0.0191296030607365,0.0165700082850041,0.0174765558397272,0.00648193161562146,0.0143400643839625,0.0155228758169935,0.0119641076769691,0.00163398692810458,0.00597800095648015,0.00294117647058824,0.0176186416595624,0.0178571428571429,0.0124777183600713,0.0136165577342048,0.00522875816993464,0.000242072137496974,0.00189753320683112,0,0.00469483568075117,0,0.000270453008789723,0.000263546278726544,0,0.00532558702493343,0.0106564364876385
31,0,0.0,0.0,0.0,0.0,0.0,0.0,0,0.0,0.0,0.0,0.0,0.0,0.0,0.0,0.0,0.0,0.0,0.0,0.0,0.0,0,0.0,0.0,0.0,0.0,0.0,0.0,0.0,0.0,0.0,0.0,0.0,0.0,0.0,0.0,0.0,0.0,0.0,0.0,0,0.0,0.0,0.0,0.0,0.0,0.0,0.0,0.0,0.0,0.0,0.0,0.0,0.0,0.0,0.0,0.0,0.0,0.0,0,0.0,0.0,0.0,0.0,0.0,0.0,0.0,0.0,0.0,0.0,0.0,0.0,0.0,0.0,0.0,0.0,0.0,0.0,0.0,0.0,0.0,0.0,0.0,0.0,0.0,0,0.0,0,0.0,0.0,0,0.0,0.0
32,0,0.0,0.0,0.0,0.0,0.0,0.0,0,0.0,0.0,0.0,0.0,0.0,0.0,0.0,0.0,0.0,0.0,0.0,0.0,0.0,0,0.0,0.0,0.0,0.0,0.0,0.0,0.0,0.0,0.0,0.0,0.0,0.0,0.0,0.0,0.0,0.0,0.0,0.0,0,0.0,0.0,0.0,0.0,0.0,0.0,0.0,0.0,0.0,0.0,0.0,0.0,0.0,0.0,0.0,0.0,0.0,0.0,0,0.0,0.0,0.0,0.0,0.0,0.0,0.0,0.0,0.0,0.0,0.0,0.0,0.0,0.0,0.0,0.0,0.0,0.0,0.0,0.0,0.0,0.0,0.0,0.0,0.0,0,0.0,0,0.0,0.0,0,0.0,0.0
33,0,0.0,0.0,0.0,0.0,0.0,0.0,0,0.0,0.0,0.0,0.0,0.0,0.0,0.0,0.0,0.0,0.0,0.0,0.0,0.0,0,0.0,0.0,0.0,0.0,0.0,0.0,0.0,0.0,0.0,0.0,0.0,0.0,0.0,0.0,0.0,0.0,0.0,0.0,0,0.0,0.0,0.0,0.0,0.0,0.0,0.0,0.0,0.0,0.0,0.0,0.0,0.0,0.0,0.0,0.0,0.0,0.0,0,0.0,0.0,0.0,0.0,0.0,0.0,0.0,0.0,0.0,0.0,0.0,0.0,0.0,0.0,0.0,0.0,0.0,0.0,0.0,0.0,0.0,0.0,0.0,0.0,0.0,0,0.0,0,0.0,0.0,0,0.0,0.0
34,0,0.0,0.0,0.0,0.0,0.0,0.0,0,0.0,0.0,0.0,0.0,0.0,0.0,0.0,0.0,0.0,0.0,0.0,0.0,0.0,0,0.0,0.0,0.0,0.0,0.0,0.0,0.0,0.0,0.0,0.0,0.0,0.0,0.0,0.0,0.0,0.0,0.0,0.0,0,0.0,0.0,0.0,0.0,0.0,0.0,0.0,0.0,0.0,0.0,0.0,0.0,0.0,0.0,0.0,0.0,0.0,0.0,0,0.0,0.0,0.0,0.0,0.0,0.0,0.0,0.0,0.0,0.0,0.0,0.0,0.0,0.0,0.0,0.0,0.0,0.0,0.0,0.0,0.0,0.0,0.0,0.0,0.0,0,0.0,0,0.0,0.0,0,0.0,0.0
35,0,0.000104014978156855,0.000228489358924142,0.00124134934673991,0.00313447927199191,0.000945179584120983,0.000252780586450961,0,0.000185804533630621,0.00022883295194508,0.000326086956521739,0.000862663906142167,0.000252780586450961,0.00705052878965922,0.00645007166746297,0.00988142292490119,0.000426257459505541,0.00159553250897487,0.00138339920948617,0.00135101940555146,0.0109302890454214,0,0.00135869565217391,0.00271739130434783,0.00281513919299343,0.00480043889727061,0.00966183574879227,0.0158102766798419,0.0191378669639539,0.0206521739130435,0.0213128729752771,0.0193761814744802,0.0217391304347826,0.00371155885471898,0.00101112234580384,0.000472589792060492,0.00118147448015123,0.00613154960981048,0.0136714975845411,0.0141776937618147,0,0.000557413600891862,0.0015527950310559,0.000472589792060492,0.00217391304347826,0.00255754475703325,0.00428658909981629,0.0100742311770944,0.00412293853073463,0.0181159420289855,0.0105189340813464,0.0128296507483963,0.00703324808184143,0.0114906832298137,0.00486696950032446,0.00226843100189036,0.000434782608695652,0.000480422772039395,0.000988142292490119,0,0.000197628458498024,0.00144927536231884,0.0143222506393862,0.0025879917184265,0.00892448512585812,0.0106853352984525,0.0104669887278583,0.0103260869565217,0.0212089077412513,0.0183710961420698,0.0193761814744802,0.00718648939992813,0.0158987670343932,0.0172101449275362,0.0132645541635962,0.00181159420289855,0.00662778366914104,0.00326086956521739,0.019533711405167,0.0197981366459627,0.0138339920948617,0.0150966183574879,0.00579710144927536,0.000268384326355341,0.00210378681626928,0,0.00520514390691978,0,0.000299850074962519,0.000292192613370734,0,0.0059044551798175,0.0118147448015123
36,0,0.000754108591637196,0.00165654785220003,0.00899978276386432,0.0227249747219414,0.00685255198487713,0.00183265925176946,0,0.001347082868822,0.00165903890160183,0.00236413043478261,0.00625431331953071,0.00183265925176946,0.0511163337250294,0.0467630195891065,0.0716403162055336,0.00309036658141517,0.0115676106900678,0.0100296442687747,0.0097948906902481,0.0792445955793053,0,0.00985054347826087,0.0197010869565217,0.0204097591492024,0.0348031820052119,0.070048309178744,0.114624505928854,0.138749535488666,0.149728260869565,0.154518329070759,0.140477315689981,0.157608695652174,0.0269088016967126,0.00733063700707786,0.00342627599243856,0.00856568998109641,0.044453734671126,0.0991183574879227,0.102788279773157,0,0.004041248606466,0.0112577639751553,0.00342627599243856,0.0157608695652174,0.018542199488491,0.0310777709736681,0.0730381760339343,0.0298913043478261,0.131340579710145,0.0762622720897616,0.0930149679258731,0.0509910485933504,0.0833074534161491,0.0352855288773524,0.0164461247637051,0.00315217391304348,0.00348306509728561,0.00716403162055336,0,0.00143280632411067,0.0105072463768116,0.10383631713555,0.0187629399585921,0.0647025171624714,0.0774686809137804,0.0758856682769726,0.0748641304347826,0.153764581124072,0.133190447030006,0.140477315689981,0.052102048149479,0.115266060999351,0.124773550724638,0.0961680176860722,0.0131340579710145,0.0480514316012725,0.0236413043478261,0.141619407687461,0.14353649068323,0.100296442687747,0.109450483091787,0.0420289855072464,0.00194578636607622,0.0152524544179523,0,0.0377372933251684,0,0.00217391304347826,0.00211839644693782,0,0.0428073000536769,0.0856568998109641
37,0,9.20132499079867e-05,0.000202125202125202,0.00109811672980838,0.00277280858676207,0.000836120401337793,0.000223613595706619,0,0.000164365548980934,0.000202429149797571,0.000288461538461538,0.000763125763125763,0.000223613595706619,0.00623700623700624,0.00570583262890955,0.00874125874125874,0.000377073906485671,0.00141143260409315,0.00122377622377622,0.00119513255106475,0.0096691018478728,0,0.00120192307692308,0.00240384615384615,0.00249031543995573,0.00424654210143169,0.00854700854700855,0.013986013986014,0.0169296515450362,0.0182692307692308,0.0188536953242836,0.0171404682274247,0.0192307692307692,0.00328330206378987,0.000894454382826476,0.000418060200668896,0.00104515050167224,0.00542406311637081,0.0120940170940171,0.0125418060200669,0,0.000493096646942801,0.00137362637362637,0.000418060200668896,0.00192307692307692,0.00226244343891403,0.0037919826652221,0.00891181988742964,0.00364721485411141,0.016025641025641,0.00930521091811414,0.0113493064312736,0.00622171945701357,0.0101648351648352,0.00430539609644087,0.0020066889632107,0.000384615384615385,0.000424989375265618,0.000874125874125874,0,0.000174825174825175,0.00128205128205128,0.0126696832579186,0.00228937728937729,0.00789473684210526,0.00945241199478488,0.00925925925925926,0.00913461538461539,0.0187617260787993,0.0162513542795233,0.0171404682274247,0.00635727908455181,0.0140642939150402,0.015224358974359,0.0117340286831812,0.0016025641025641,0.00586303939962477,0.00288461538461538,0.0172798216276477,0.0175137362637363,0.0122377622377622,0.0133547008547009,0.00512820512820513,0.000237416904083571,0.00186104218362283,0,0.00460455037919827,0,0.00026525198938992,0.000258478081058726,0,0.00522317188983856,0.0104515050167224
38,0,0.0,0.0,0.0,0.0,0.0,0.0,0,0.0,0.0,0.0,0.0,0.0,0.0,0.0,0.0,0.0,0.0,0.0,0.0,0.0,0,0.0,0.0,0.0,0.0,0.0,0.0,0.0,0.0,0.0,0.0,0.0,0.0,0.0,0.0,0.0,0.0,0.0,0.0,0,0.0,0.0,0.0,0.0,0.0,0.0,0.0,0.0,0.0,0.0,0.0,0.0,0.0,0.0,0.0,0.0,0.0,0.0,0,0.0,0.0,0.0,0.0,0.0,0.0,0.0,0.0,0.0,0.0,0.0,0.0,0.0,0.0,0.0,0.0,0.0,0.0,0.0,0.0,0.0,0.0,0.0,0.0,0.0,0,0.0,0,0.0,0.0,0,0.0,0.0
39,0,0.0,0.0,0.0,0.0,0.0,0.0,0,0.0,0.0,0.0,0.0,0.0,0.0,0.0,0.0,0.0,0.0,0.0,0.0,0.0,0,0.0,0.0,0.0,0.0,0.0,0.0,0.0,0.0,0.0,0.0,0.0,0.0,0.0,0.0,0.0,0.0,0.0,0.0,0,0.0,0.0,0.0,0.0,0.0,0.0,0.0,0.0,0.0,0.0,0.0,0.0,0.0,0.0,0.0,0.0,0.0,0.0,0,0.0,0.0,0.0,0.0,0.0,0.0,0.0,0.0,0.0,0.0,0.0,0.0,0.0,0.0,0.0,0.0,0.0,0.0,0.0,0.0,0.0,0.0,0.0,0.0,0.0,0,0.0,0,0.0,0.0,0,0.0,0.0
40,0,0.0,0.0,0.0,0.0,0.0,0.0,0,0.0,0.0,0.0,0.0,0.0,0.0,0.0,0.0,0.0,0.0,0.0,0.0,0.0,0,0.0,0.0,0.0,0.0,0.0,0.0,0.0,0.0,0.0,0.0,0.0,0.0,0.0,0.0,0.0,0.0,0.0,0.0,0,0.0,0.0,0.0,0.0,0.0,0.0,0.0,0.0,0.0,0.0,0.0,0.0,0.0,0.0,0.0,0.0,0.0,0.0,0,0.0,0.0,0.0,0.0,0.0,0.0,0.0,0.0,0.0,0.0,0.0,0.0,0.0,0.0,0.0,0.0,0.0,0.0,0.0,0.0,0.0,0.0,0.0,0.0,0.0,0,0.0,0,0.0,0.0,0,0.0,0.0
41,0,0.000122684333210649,0.000269500269500269,0.0014641556397445,0.00369707811568277,0.00111482720178372,0.000298151460942159,0,0.000219154065307911,0.000269905533063428,0.000384615384615385,0.00101750101750102,0.000298151460942159,0.00831600831600832,0.00760777683854607,0.0116550116550117,0.000502765208647562,0.00188191013879087,0.00163170163170163,0.00159351006808634,0.0128921357971637,0,0.0016025641025641,0.00320512820512821,0.00332042058660764,0.00566205613524226,0.0113960113960114,0.0186480186480186,0.0225728687267149,0.0243589743589744,0.0251382604323781,0.0228539576365663,0.0256410256410256,0.00437773608505316,0.00119260584376863,0.000557413600891862,0.00139353400222965,0.00723208415516108,0.0161253561253561,0.0167224080267559,0,0.000657462195923734,0.00183150183150183,0.000557413600891862,0.00256410256410256,0.00301659125188537,0.0050559768869628,0.0118824265165729,0.00486295313881521,0.0213675213675214,0.0124069478908189,0.0151324085750315,0.00829562594268477,0.0135531135531136,0.00574052812858783,0.00267558528428094,0.000512820512820513,0.000566652500354158,0.00116550116550117,0,0.000233100233100233,0.00170940170940171,0.0168929110105581,0.00305250305250305,0.0105263157894737,0.0126032159930465,0.0123456790123457,0.0121794871794872,0.0250156347717323,0.0216684723726977,0.0228539576365663,0.00847637211273575,0.0187523918867202,0.0202991452991453,0.015645371577575,0.00213675213675214,0.00781738586616635,0.00384615384615385,0.023039762170197,0.0233516483516484,0.0163170163170163,0.0178062678062678,0.00683760683760684,0.000316555872111428,0.00248138957816377,0,0.00613940050559769,0,0.000353669319186561,0.000344637441411635,0,0.00696422918645141,0.0139353400222965
42,0,0.0,0.0,0.0,0.0,0.0,0.0,0,0.0,0.0,0.0,0.0,0.0,0.0,0.0,0.0,0.0,0.0,0.0,0.0,0.0,0,0.0,0.0,0.0,0.0,0.0,0.0,0.0,0.0,0.0,0.0,0.0,0.0,0.0,0.0,0.0,0.0,0.0,0.0,0,0.0,0.0,0.0,0.0,0.0,0.0,0.0,0.0,0.0,0.0,0.0,0.0,0.0,0.0,0.0,0.0,0.0,0.0,0,0.0,0.0,0.0,0.0,0.0,0.0,0.0,0.0,0.0,0.0,0.0,0.0,0.0,0.0,0.0,0.0,0.0,0.0,0.0,0.0,0.0,0.0,0.0,0.0,0.0,0,0.0,0,0.0,0.0,0,0.0,0.0
43,0,0.0,0.0,0.0,0.0,0.0,0.0,0,0.0,0.0,0.0,0.0,0.0,0.0,0.0,0.0,0.0,0.0,0.0,0.0,0.0,0,0.0,0.0,0.0,0.0,0.0,0.0,0.0,0.0,0.0,0.0,0.0,0.0,0.0,0.0,0.0,0.0,0.0,0.0,0,0.0,0.0,0.0,0.0,0.0,0.0,0.0,0.0,0.0,0.0,0.0,0.0,0.0,0.0,0.0,0.0,0.0,0.0,0,0.0,0.0,0.0,0.0,0.0,0.0,0.0,0.0,0.0,0.0,0.0,0.0,0.0,0.0,0.0,0.0,0.0,0.0,0.0,0.0,0.0,0.0,0.0,0.0,0.0,0,0.0,0,0.0,0.0,0,0.0,0.0
44,0,0.0,0.0,0.0,0.0,0.0,0.0,0,0.0,0.0,0.0,0.0,0.0,0.0,0.0,0.0,0.0,0.0,0.0,0.0,0.0,0,0.0,0.0,0.0,0.0,0.0,0.0,0.0,0.0,0.0,0.0,0.0,0.0,0.0,0.0,0.0,0.0,0.0,0.0,0,0.0,0.0,0.0,0.0,0.0,0.0,0.0,0.0,0.0,0.0,0.0,0.0,0.0,0.0,0.0,0.0,0.0,0.0,0,0.0,0.0,0.0,0.0,0.0,0.0,0.0,0.0,0.0,0.0,0.0,0.0,0.0,0.0,0.0,0.0,0.0,0.0,0.0,0.0,0.0,0.0,0.0,0.0,0.0,0,0.0,0,0.0,0.0,0,0.0,0.0
45,0,0.0,0.0,0.0,0.0,0.0,0.0,0,0.0,0.0,0.0,0.0,0.0,0.0,0.0,0.0,0.0,0.0,0.0,0.0,0.0,0,0.0,0.0,0.0,0.0,0.0,0.0,0.0,0.0,0.0,0.0,0.0,0.0,0.0,0.0,0.0,0.0,0.0,0.0,0,0.0,0.0,0.0,0.0,0.0,0.0,0.0,0.0,0.0,0.0,0.0,0.0,0.0,0.0,0.0,0.0,0.0,0.0,0,0.0,0.0,0.0,0.0,0.0,0.0,0.0,0.0,0.0,0.0,0.0,0.0,0.0,0.0,0.0,0.0,0.0,0.0,0.0,0.0,0.0,0.0,0.0,0.0,0.0,0,0.0,0,0.0,0.0,0,0.0,0.0
46,0,0.00438034908012669,0.00962229835469272,0.0522765429120045,0.132001310186702,0.0398040416411513,0.0106452669505405,0,0.00782472613458529,0.00963676797627873,0.0137323943661972,0.0363290856248603,0.0106452669505405,0.296916634944804,0.271629778672032,0.416133162612036,0.0179508423087545,0.067192143687815,0.058258642765685,0.0568950425718151,0.460303721771973,0,0.0572183098591549,0.11443661971831,0.118553044888033,0.202159328209002,0.406885758998435,0.665813060179257,0.805946791862285,0.869718309859155,0.897542115437724,0.815982853643601,0.915492957746479,0.156303675712813,0.0425810678021618,0.0199020208205756,0.0497550520514391,0.258215962441315,0.575743348982786,0.597060624617269,0,0.0234741784037559,0.0653923541247485,0.0199020208205756,0.0915492957746479,0.107705053852527,0.180519738147193,0.424252834077637,0.173627974745022,0.762910798122066,0.442980463425716,0.540290925883168,0.296188898094449,0.483903420523139,0.204961109943242,0.095529699938763,0.0183098591549296,0.020231888568983,0.0416133162612036,0,0.00832266325224072,0.0610328638497653,0.603148301574151,0.108987256874581,0.37583395107487,0.449988063977083,0.440792905581638,0.434859154929577,0.893163861216077,0.773656020630827,0.815982853643601,0.302642300081481,0.669539625814589,0.724765258215962,0.558605872523275,0.0762910798122066,0.279113706630024,0.137323943661972,0.822616860583793,0.833752515090543,0.58258642765685,0.635758998435055,0.244131455399061,0.011302382194401,0.0885960926851431,0,0.219202539178734,0,0.0126274890723652,0.0123050128729365,0,0.248652408276821,0.497550520514391
47,0,0.00451238962150387,0.00991235137576601,0.0538523586520662,0.135980336547552,0.0410038882997526,0.0109661561731896,0,0.00806059342644709,0.00992725716730851,0.0141463414634146,0.0374241837656472,0.0109661561731896,0.305866842452208,0.279817743232377,0.428677014042868,0.0184919496253786,0.069217572909674,0.0600147819660015,0.0586100776262,0.474179043466412,0,0.0589430894308943,0.117886178861789,0.122126688892788,0.208253186632813,0.419150858175248,0.685883222468588,0.83024112292405,0.895934959349593,0.92459748126893,0.840579710144927,0.943089430894309,0.161015268689272,0.0438646246927586,0.0205019441498763,0.0512548603746907,0.265999583072754,0.593098464317977,0.615058324496288,0,0.0241817802793413,0.0673635307781649,0.0205019441498763,0.0943089430894309,0.110951697752272,0.185961296232681,0.437041443585168,0.178861788617886,0.785907859078591,0.45633359559402,0.556577369052379,0.305117168818747,0.49849012775842,0.211139424827084,0.0984093319194062,0.0188617886178862,0.0208417553788798,0.0428677014042868,0,0.00857354028085735,0.0628726287262873,0.621329507412721,0.112272551296942,0.387163029525032,0.463552432134491,0.454080096356519,0.447967479674797,0.920087249652984,0.796976983854346,0.840579710144927,0.311765101122086,0.689722121101808,0.746612466124661,0.575444398511782,0.0785907859078591,0.287527265516558,0.141463414634146,0.84741369152822,0.858885017421603,0.600147819660015,0.654923215898826,0.251490514905149,0.0116430793937569,0.0912667191188041,0,0.225810145425398,0,0.0130081300813008,0.012675933210945,0,0.256147746662652,0.512548603746907
48,0,0.00478468899521531,0.0105105105105105,0.0571020699500357,0.144186046511628,0.0434782608695652,0.0116279069767442,0,0.00854700854700855,0.0105263157894737,0.015,0.0396825396825397,0.0116279069767442,0.324324324324324,0.296703296703297,0.454545454545455,0.0196078431372549,0.073394495412844,0.0636363636363636,0.0621468926553672,0.502793296089385,0,0.0625,0.125,0.129496402877698,0.220820189274448,0.444444444444444,0.727272727272727,0.88034188034188,0.95,0.980392156862745,0.891304347826087,1.0,0.170731707317073,0.0465116279069767,0.0217391304347826,0.0543478260869565,0.282051282051282,0.628888888888889,0.652173913043478,0,0.0256410256410256,0.0714285714285714,0.0217391304347826,0.1,0.117647058823529,0.197183098591549,0.463414634146341,0.189655172413793,0.833333333333333,0.483870967741935,0.590163934426229,0.323529411764706,0.528571428571429,0.223880597014925,0.104347826086957,0.02,0.0220994475138122,0.0454545454545455,0,0.00909090909090909,0.0666666666666667,0.658823529411765,0.119047619047619,0.410526315789474,0.491525423728814,0.481481481481481,0.475,0.975609756097561,0.845070422535211,0.891304347826087,0.330578512396694,0.73134328358209,0.791666666666667,0.610169491525424,0.0833333333333333,0.304878048780488,0.15,0.898550724637681,0.910714285714286,0.636363636363636,0.694444444444444,0.266666666666667,0.0123456790123457,0.0967741935483871,0,0.23943661971831,0,0.0137931034482759,0.0134408602150538,0,0.271604938271605,0.543478260869565
49,0,0.00468802861147359,0.0102981769648436,0.0559484927793279,0.141273197087151,0.0425999121651296,0.0113929997650928,0,0.00837434170767504,0.0103136629452419,0.0146969696969697,0.0388808722142055,0.0113929997650928,0.317772317772318,0.290709290709291,0.445362718089991,0.019211725094078,0.0719117783337967,0.0623507805325987,0.0608913998744507,0.492635855764347,0,0.0612373737373737,0.122474747474747,0.126880313930674,0.216359175349712,0.435465768799102,0.712580348943985,0.862557195890529,0.930808080808081,0.960586254703902,0.873298199385156,0.97979797979798,0.167282581916728,0.0455719990603712,0.0212999560825648,0.0532498902064119,0.276353276353276,0.616184062850729,0.638998682476943,0,0.0251230251230251,0.06998556998557,0.0212999560825648,0.097979797979798,0.115270350564468,0.193199601650306,0.454052722345405,0.185823754789272,0.816498316498317,0.474095796676442,0.578241430700447,0.316993464052288,0.517893217893218,0.21935775667119,0.102239789196311,0.0195959595959596,0.0216529940286846,0.0445362718089991,0,0.00890725436179982,0.0653198653198653,0.645513963161022,0.116642616642617,0.402232854864434,0.481595617188838,0.471754582865694,0.46540404040404,0.95590046809559,0.827998292787025,0.873298199385156,0.323900158610902,0.716568671792552,0.775673400673401,0.597842835130971,0.0816498316498317,0.298718896279872,0.146969696969697,0.880398184746011,0.892316017316017,0.623507805325987,0.680415263748597,0.261279461279461,0.0120962713555306,0.0948191593352884,0,0.234599516289657,0,0.0135144548937652,0.0131693276854567,0,0.266117969821674,0.532498902064119
50,0,0.00432165457632351,0.00949336433207401,0.0515760631806774,0.130232558139535,0.0392706872370266,0.0105026256564141,0,0.00771987868762062,0.00950764006791171,0.0135483870967742,0.03584229390681,0.0105026256564141,0.292938099389712,0.267990074441687,0.410557184750733,0.0177103099304238,0.0662918023083753,0.0574780058651026,0.0561326772371059,0.4541358803388,0,0.0564516129032258,0.112903225806452,0.116964492921792,0.199450493538211,0.401433691756272,0.656891495601173,0.795147504824924,0.858064516129032,0.885515496521189,0.805049088359046,0.903225806451613,0.154209284028324,0.0420105026256564,0.0196353436185133,0.0490883590462833,0.254755996691481,0.568028673835125,0.5890603085554,0,0.0231596360628619,0.0645161290322581,0.0196353436185133,0.0903225806451613,0.106261859582543,0.17810086324398,0.418568056648308,0.171301446051168,0.752688172043011,0.437044745057232,0.533051295610788,0.292220113851992,0.47741935483871,0.202214732787675,0.094249649368864,0.0180645161290323,0.0199607913027981,0.0410557184750733,0,0.00821114369501466,0.0602150537634409,0.595066413662239,0.10752688172043,0.370797962648557,0.443958447238928,0.434886499402628,0.429032258064516,0.881195908733281,0.763289413902771,0.805049088359046,0.298587043455079,0.660568127106403,0.71505376344086,0.551120831055221,0.0752688172043011,0.27537372147915,0.135483870967742,0.811594202898551,0.82258064516129,0.574780058651026,0.627240143369176,0.240860215053763,0.0111509358821187,0.0874089490114464,0,0.216265333939119,0,0.0124582869855395,0.0121401318071453,0,0.245320589406611,0.490883590462833
51,0,0.000549062671582085,0.00120612415694383,0.00655269655164344,0.0165459397636294,0.00498930862437634,0.00133434998093786,0,0.000980804259492784,0.00120793787748059,0.00172131147540984,0.00455373406193078,0.00133434998093786,0.0372175454142667,0.0340479192938209,0.0521609538002981,0.00225008036001286,0.0084223191457362,0.00730253353204173,0.00713161063258312,0.0576975913545196,0,0.00717213114754098,0.014344262295082,0.0148602429531784,0.0253400217200186,0.0510018214936248,0.0834575260804769,0.101022838727757,0.109016393442623,0.112504018000643,0.102280826799715,0.114754098360656,0.0195921631347461,0.00533739992375143,0.00249465431218817,0.00623663578047042,0.0323665405632619,0.0721675774134791,0.074839629365645,0,0.00294241277847835,0.00819672131147541,0.00249465431218817,0.0114754098360656,0.0135004821600771,0.0226275686908335,0.0531787285085966,0.0217637083097795,0.0956284153005464,0.0555261766261237,0.0677237301800591,0.0371263259402122,0.060655737704918,0.0256912160508931,0.0119743406985032,0.00229508196721311,0.00253600217371615,0.00521609538002981,0,0.00104321907600596,0.00765027322404372,0.075602700096432,0.0136612021857923,0.0471095772217429,0.0564045568213393,0.0552519732847602,0.0545081967213115,0.111955217912835,0.0969752943892865,0.102280826799715,0.0379352391274895,0.083924639099584,0.0908469945355191,0.0700194498471798,0.00956284153005465,0.0349860055977609,0.0172131147540984,0.103112378237111,0.104508196721311,0.0730253353204173,0.0796903460837887,0.0306010928961749,0.0014167172637118,0.0111052353252247,0,0.0274763334102979,0,0.00158281514980215,0.0015423937951701,0,0.0311677798016596,0.0623663578047042
52,0,0.00464396284829721,0.0102013778484367,0.0554225973044464,0.139945280437757,0.0421994884910486,0.0112859097127223,0,0.00829562594268477,0.0102167182662539,0.0145588235294118,0.038515406162465,0.0112859097127223,0.314785373608903,0.2879767291532,0.441176470588235,0.0190311418685121,0.0712358337830545,0.0617647058823529,0.0603190428713858,0.488005257969109,0,0.0606617647058824,0.121323529411765,0.125687685146001,0.214325477825199,0.431372549019608,0.705882352941177,0.854449472096531,0.922058823529412,0.951557093425606,0.865089514066496,0.970588235294118,0.16571018651363,0.0451436388508892,0.0210997442455243,0.0527493606138107,0.273755656108597,0.610392156862745,0.632992327365729,0,0.0248868778280543,0.069327731092437,0.0210997442455243,0.0970588235294118,0.114186851211073,0.191383595691798,0.449784791965567,0.184077079107505,0.808823529411765,0.469639468690702,0.572806171648988,0.31401384083045,0.513025210084034,0.21729587357331,0.101278772378517,0.0194117647058824,0.0214494637634059,0.0441176470588235,0,0.00882352941176471,0.0647058823529412,0.639446366782007,0.115546218487395,0.398452012383901,0.477068793619143,0.467320261437909,0.461029411764706,0.946915351506456,0.820215410107705,0.865089514066496,0.320855614973262,0.709833187006146,0.768382352941177,0.59222333000997,0.0808823529411765,0.295911047345768,0.145588235294118,0.872122762148338,0.883928571428571,0.617647058823529,0.674019607843137,0.258823529411765,0.0119825708061002,0.0939278937381404,0,0.232394366197183,0,0.0133874239350913,0.0130455407969639,0,0.263616557734205,0.527493606138107
53,0,0.00446570972886762,0.00980980980980981,0.0532952652867,0.134573643410853,0.0405797101449275,0.0108527131782946,0,0.00797720797720798,0.00982456140350877,0.014,0.037037037037037,0.0108527131782946,0.302702702702703,0.276923076923077,0.424242424242424,0.0183006535947712,0.0685015290519878,0.0593939393939394,0.0580037664783428,0.46927374301676,0,0.0583333333333333,0.116666666666667,0.120863309352518,0.206098843322818,0.414814814814815,0.678787878787879,0.821652421652422,0.886666666666667,0.915032679738562,0.831884057971015,0.933333333333333,0.159349593495935,0.0434108527131783,0.0202898550724638,0.0507246376811594,0.263247863247863,0.586962962962963,0.608695652173913,0,0.0239316239316239,0.0666666666666667,0.0202898550724638,0.0933333333333333,0.109803921568627,0.184037558685446,0.432520325203252,0.177011494252874,0.777777777777778,0.451612903225806,0.550819672131148,0.301960784313725,0.493333333333333,0.208955223880597,0.0973913043478261,0.0186666666666667,0.0206261510128913,0.0424242424242424,0,0.00848484848484849,0.0622222222222222,0.614901960784314,0.111111111111111,0.383157894736842,0.458757062146893,0.449382716049383,0.443333333333333,0.910569105691057,0.788732394366197,0.831884057971015,0.308539944903581,0.682587064676617,0.738888888888889,0.569491525423729,0.0777777777777778,0.284552845528455,0.14,0.838647342995169,0.85,0.593939393939394,0.648148148148148,0.248888888888889,0.011522633744856,0.0903225806451613,0,0.223474178403756,0,0.0128735632183908,0.0125448028673835,0,0.253497942386831,0.507246376811594
54,0,0.00214239805755909,0.00470619873604948,0.025568091022404,0.0645609163484901,0.0194678780012979,0.00520652551197501,0,0.00382701875239189,0.00471327572663001,0.00671641791044776,0.0177683013503909,0.00520652551197501,0.145219846712384,0.132852222404461,0.203527815468114,0.00877963125548727,0.0328632069012735,0.028493894165536,0.0278269668606122,0.225131326607188,0,0.0279850746268657,0.0559701492537313,0.0579834639750886,0.0988747116154245,0.199004975124378,0.325644504748982,0.394182931496364,0.425373134328358,0.438981562774363,0.399091499026606,0.447761194029851,0.0764470331270477,0.0208261020479,0.00973393900064893,0.0243348475016223,0.126291618828932,0.281592039800995,0.292018170019468,0,0.0114810562571757,0.0319829424307036,0.00973393900064893,0.0447761194029851,0.0526777875329236,0.0882909396678579,0.207499089916272,0.0849202264539372,0.373134328358209,0.216658642272508,0.264252507952043,0.14486391571554,0.236673773987207,0.100245043439519,0.0467229072031149,0.00895522388059702,0.00989527500618455,0.0203527815468114,0,0.00407055630936228,0.0298507462686567,0.294995610184372,0.0533049040511727,0.18381775333857,0.220086010624842,0.21558872305141,0.212686567164179,0.436840189297415,0.378389741433677,0.399091499026606,0.148020229431356,0.327467141902428,0.354477611940299,0.273210220086011,0.0373134328358209,0.136512559155442,0.0671641791044776,0.402336145360156,0.407782515991471,0.28493894165536,0.310945273631841,0.119402985074627,0.00552791597567717,0.0433317284545017,0,0.107210426739542,0,0.00617601646937725,0.00601829561868079,0,0.121614151464898,0.243348475016223
55,0,0.00478468899521531,0.0105105105105105,0.0571020699500357,0.144186046511628,0.0434782608695652,0.0116279069767442,0,0.00854700854700855,0.0105263157894737,0.015,0.0396825396825397,0.0116279069767442,0.324324324324324,0.296703296703297,0.454545454545455,0.0196078431372549,0.073394495412844,0.0636363636363636,0.0621468926553672,0.502793296089385,0,0.0625,0.125,0.129496402877698,0.220820189274448,0.444444444444444,0.727272727272727,0.88034188034188,0.95,0.980392156862745,0.891304347826087,1.0,0.170731707317073,0.0465116279069767,0.0217391304347826,0.0543478260869565,0.282051282051282,0.628888888888889,0.652173913043478,0,0.0256410256410256,0.0714285714285714,0.0217391304347826,0.1,0.117647058823529,0.197183098591549,0.463414634146341,0.189655172413793,0.833333333333333,0.483870967741935,0.590163934426229,0.323529411764706,0.528571428571429,0.223880597014925,0.104347826086957,0.02,0.0220994475138122,0.0454545454545455,0,0.00909090909090909,0.0666666666666667,0.658823529411765,0.119047619047619,0.410526315789474,0.491525423728814,0.481481481481481,0.475,0.975609756097561,0.845070422535211,0.891304347826087,0.330578512396694,0.73134328358209,0.791666666666667,0.610169491525424,0.0833333333333333,0.304878048780488,0.15,0.898550724637681,0.910714285714286,0.636363636363636,0.694444444444444,0.266666666666667,0.0123456790123457,0.0967741935483871,0,0.23943661971831,0,0.0137931034482759,0.0134408602150538,0,0.271604938271605,0.543478260869565
56,0,0.00411483253588517,0.00903903903903904,0.0491077801570307,0.124,0.0373913043478261,0.01,0,0.00735042735042735,0.00905263157894737,0.0129,0.0341269841269841,0.01,0.278918918918919,0.255164835164835,0.390909090909091,0.0168627450980392,0.0631192660550459,0.0547272727272727,0.0534463276836158,0.432402234636871,0,0.05375,0.1075,0.11136690647482,0.189905362776025,0.382222222222222,0.625454545454545,0.757094017094017,0.817,0.843137254901961,0.766521739130435,0.86,0.146829268292683,0.04,0.018695652173913,0.0467391304347826,0.242564102564103,0.540844444444444,0.560869565217391,0,0.022051282051282,0.0614285714285714,0.018695652173913,0.086,0.101176470588235,0.169577464788732,0.398536585365854,0.163103448275862,0.716666666666667,0.416129032258065,0.507540983606557,0.278235294117647,0.454571428571429,0.192537313432836,0.0897391304347826,0.0172,0.0190055248618785,0.0390909090909091,0,0.00781818181818182,0.0573333333333333,0.566588235294118,0.102380952380952,0.353052631578947,0.42271186440678,0.414074074074074,0.4085,0.839024390243902,0.726760563380282,0.766521739130435,0.284297520661157,0.628955223880597,0.680833333333333,0.524745762711864,0.0716666666666667,0.26219512195122,0.129,0.772753623188406,0.783214285714286,0.547272727272727,0.597222222222222,0.229333333333333,0.0106172839506173,0.0832258064516129,0,0.205915492957746,0,0.0118620689655172,0.0115591397849462,0,0.23358024691358,0.467391304347826
57,0,0.000158608474979513,0.000348414713055597,0.00189288629668627,0.0047796479506617,0.00144126831611818,0.000385455479892072,0,0.000283326250177079,0.000348938644954929,0.000497237569060774,0.00131544330439358,0.000385455479892072,0.010751082574287,0.00983546839900431,0.0150678051230537,0.00064998375040624,0.00243296669876831,0.00210949271722752,0.00206011798857571,0.016667181085836,0,0.00207182320441989,0.00414364640883978,0.00429269843793473,0.00732000627429109,0.0147329650092081,0.024108488196886,0.0291826037682391,0.0314917127071823,0.032499187520312,0.0295460004804228,0.0331491712707182,0.0056596146071958,0.00154182191956829,0.000720634158059092,0.00180158539514773,0.0093497662558436,0.0208471454880295,0.0216190247417728,0,0.000849978750531237,0.00236779794790845,0.000720634158059092,0.00331491712707182,0.00389990250243744,0.00653645630690219,0.0153618110766743,0.00628691179272242,0.0276243093922652,0.0160399215826056,0.019563445340096,0.010724731881703,0.0175217048145225,0.00742145625463841,0.00345904395868364,0.000662983425414365,0.000732578370623607,0.00150678051230537,0,0.000301356102461075,0.00220994475138122,0.0218394540136497,0.00394632991318074,0.0136086071532422,0.0162936604550988,0.0159607120933088,0.0157458563535912,0.0323406548982617,0.0280133841724379,0.0295460004804228,0.0109584037258573,0.0242434237651521,0.0262430939226519,0.0202266129787433,0.00276243093922652,0.0101064546557068,0.00497237569060773,0.0297862118664425,0.0301894238358327,0.0210949271722752,0.0230202578268877,0.00883977900552486,0.000409249028033558,0.00320798431652112,0,0.00793712551552408,0,0.000457229948561631,0.0004455533772946,0,0.00900347861673829,0.0180158539514773
58,0,0.00235609685370451,0.00517563017563018,0.0281184435360024,0.071000704721635,0.0214097496706192,0.00572586328400282,0,0.00420875420875421,0.00518341307814992,0.00738636363636364,0.0195406445406445,0.00572586328400282,0.15970515970516,0.146103896103896,0.223829201101928,0.00965537730243613,0.0361412288017793,0.03133608815427,0.0306026365348399,0.247587607922803,0,0.0307765151515152,0.0615530303030303,0.0637671680837148,0.108737214415448,0.218855218855219,0.358126721763085,0.433501683501683,0.46780303030303,0.482768865121806,0.438899868247694,0.492424242424242,0.0840724316334072,0.0229034531360113,0.0107048748353096,0.026762187088274,0.138888888888889,0.309680134680135,0.321146245059289,0,0.0126262626262626,0.0351731601731602,0.0107048748353096,0.0492424242424242,0.0579322638146168,0.0970977379428084,0.22819660014782,0.0933908045977011,0.410353535353535,0.238269794721408,0.290611028315946,0.159313725490196,0.260281385281385,0.110244233378562,0.0513833992094862,0.00984848484848485,0.0108823036999833,0.0223829201101928,0,0.00447658402203857,0.0328282828282828,0.324420677361854,0.0586219336219336,0.202153110047847,0.242039034411916,0.23709315375982,0.233901515151515,0.480413895048041,0.416133162612036,0.438899868247694,0.162784873528675,0.360131162369968,0.389835858585859,0.300462249614792,0.0410353535353535,0.150129342202513,0.0738636363636364,0.442468159859464,0.448457792207792,0.3133608815427,0.341961279461279,0.131313131313131,0.00607931163486719,0.0476539589442815,0,0.11790439607341,0,0.00679205851619645,0.00661860540892799,0,0.133744855967078,0.26762187088274
59,0,0.00448750334333858,0.00985768377072725,0.0535553575307788,0.135230391448794,0.0407777477720767,0.0109056767297414,0,0.00801613845092106,0.00987250735534488,0.0140683229813665,0.0372177856649906,0.0109056767297414,0.304179956353869,0.278274520510545,0.426312817617165,0.0183899646815248,0.0688358311014873,0.0596837944664032,0.0582868372109345,0.471563898816753,0,0.0586180124223602,0.11723602484472,0.121453148040574,0.20710464956796,0.416839199447895,0.682100508187465,0.825662260444869,0.890993788819876,0.919498234076239,0.835943829327572,0.937888198757764,0.160127253446448,0.0436227069189658,0.0203888738860383,0.0509721847150959,0.264532568880395,0.589827467218772,0.61166621658115,0,0.0240484153527632,0.0669920141969831,0.0203888738860383,0.0937888198757764,0.110339788089149,0.184935701163503,0.4346311164975,0.177875348040266,0.781573498964803,0.45381687036666,0.553507789430812,0.303434417245159,0.495740905057675,0.209974969871141,0.0978665946529841,0.0187577639751553,0.020726811022271,0.0426312817617165,0,0.00852625635234331,0.0625258799171843,0.617902813299233,0.111653356994972,0.38502778685845,0.460995894304664,0.451575799401886,0.445496894409938,0.915012876836843,0.792581576415012,0.835943829327572,0.310045685539757,0.685918234912395,0.742494824016563,0.57227076534372,0.0781573498964803,0.285941524011513,0.140683229813665,0.842740120622918,0.854148181011535,0.596837944664032,0.651311249137336,0.250103519668737,0.0115788666513304,0.090763374073332,0,0.224564779984253,0,0.012936388948383,0.0126060241768517,0,0.254735066329269,0.509721847150959
60,0,0.00426272292301,0.00936390936390936,0.0508727532282136,0.12845665961945,0.0387351778656126,0.0103594080338266,0,0.00761460761460761,0.00937799043062201,0.0133636363636364,0.0353535353535354,0.0103594080338266,0.288943488943489,0.264335664335664,0.40495867768595,0.0174688057040998,0.0653878231859883,0.0566942148760331,0.0553672316384181,0.44794311833418,0,0.0556818181818182,0.111363636363636,0.115369522563767,0.196730714080872,0.395959595959596,0.647933884297521,0.784304584304584,0.846363636363636,0.873440285204991,0.794071146245059,0.890909090909091,0.152106430155211,0.0414376321353066,0.0193675889328063,0.0484189723320158,0.251282051282051,0.560282828282828,0.58102766798419,0,0.0228438228438228,0.0636363636363636,0.0193675889328063,0.0890909090909091,0.104812834224599,0.175672215108835,0.412860310421286,0.168965517241379,0.742424242424242,0.43108504398827,0.525782414307004,0.288235294117647,0.470909090909091,0.199457259158752,0.0929644268774703,0.0178181818181818,0.0196885986941236,0.040495867768595,0,0.00809917355371901,0.0593939393939394,0.586951871657754,0.106060606060606,0.365741626794258,0.437904468412943,0.428956228956229,0.423181818181818,0.869179600886918,0.752880921895006,0.794071146245059,0.294515401953418,0.651560379918589,0.70530303030303,0.543605546995378,0.0742424242424242,0.271618625277162,0.133636363636364,0.800527009222661,0.811363636363636,0.566942148760331,0.618686868686869,0.237575757575758,0.0109988776655443,0.086217008797654,0,0.213316261203585,0,0.0122884012539185,0.0119745845552297,0,0.241975308641975,0.484189723320158
61,0,0.000318979266347687,0.000700700700700701,0.00380680466333571,0.00961240310077519,0.00289855072463768,0.000775193798449612,0,0.00056980056980057,0.000701754385964912,0.001,0.00264550264550265,0.000775193798449612,0.0216216216216216,0.0197802197802198,0.0303030303030303,0.00130718954248366,0.00489296636085627,0.00424242424242424,0.00414312617702448,0.0335195530726257,0,0.00416666666666667,0.00833333333333333,0.00863309352517986,0.0147213459516299,0.0296296296296296,0.0484848484848485,0.0586894586894587,0.0633333333333333,0.065359477124183,0.0594202898550725,0.0666666666666667,0.0113821138211382,0.00310077519379845,0.00144927536231884,0.0036231884057971,0.0188034188034188,0.0419259259259259,0.0434782608695652,0,0.00170940170940171,0.00476190476190476,0.00144927536231884,0.00666666666666667,0.00784313725490196,0.0131455399061033,0.0308943089430894,0.0126436781609195,0.0555555555555556,0.032258064516129,0.039344262295082,0.0215686274509804,0.0352380952380952,0.0149253731343284,0.00695652173913044,0.00133333333333333,0.00147329650092081,0.00303030303030303,0,0.000606060606060606,0.00444444444444444,0.043921568627451,0.00793650793650794,0.0273684210526316,0.0327683615819209,0.0320987654320988,0.0316666666666667,0.0650406504065041,0.0563380281690141,0.0594202898550725,0.0220385674931129,0.0487562189054726,0.0527777777777778,0.0406779661016949,0.00555555555555556,0.0203252032520325,0.01,0.0599033816425121,0.0607142857142857,0.0424242424242424,0.0462962962962963,0.0177777777777778,0.000823045267489712,0.00645161290322581,0,0.015962441314554,0,0.000919540229885057,0.000896057347670251,0,0.0181069958847737,0.036231884057971
62,0,0.00461581761891359,0.0101395513160219,0.0550867027753285,0.139097127222982,0.0419437340153453,0.0112175102599179,0,0.00824534942182001,0.0101547987616099,0.0144705882352941,0.03828197945845,0.0112175102599179,0.312877583465819,0.28623141564318,0.438502673796791,0.0189158016147636,0.0708041014570966,0.0613903743315508,0.0599534729145896,0.485047650345054,0,0.0602941176470588,0.120588235294118,0.124925941599661,0.21302653553535,0.42875816993464,0.701604278074866,0.849270990447461,0.916470588235294,0.945790080738178,0.859846547314578,0.964705882352941,0.164705882352941,0.0448700410396717,0.0209718670076726,0.0524296675191816,0.27209653092006,0.606692810457516,0.629156010230179,0,0.02473604826546,0.0689075630252101,0.0209718670076726,0.0964705882352941,0.113494809688581,0.190223695111848,0.447058823529412,0.182961460446247,0.803921568627451,0.466793168880455,0.569334619093539,0.312110726643599,0.509915966386555,0.215978928884987,0.100664961636829,0.0192941176470588,0.0213194670133247,0.0438502673796791,0,0.00877005347593583,0.0643137254901961,0.635570934256055,0.11484593837535,0.39603715170278597,0.474177467597208,0.464488017429194,0.458235294117647,0.941176470588235,0.815244407622204,0.859846547314578,0.318911035488576,0.705531167690957,0.763725490196078,0.588634097706879,0.0803921568627451,0.294117647058824,0.144705882352941,0.866837169650469,0.878571428571429,0.613903743315508,0.669934640522876,0.257254901960784,0.0119099491648511,0.0933586337760911,0,0.230985915492958,0,0.0133062880324544,0.012966476913346,0,0.262018881626725,0.524296675191816
63,0,0.000227842333105491,0.0005005005005005,0.00271914618809694,0.00686600221483942,0.0020703933747412,0.000553709856035437,0,0.000407000407000407,0.00050125313283208,0.000714285714285714,0.0018896447467876,0.000553709856035437,0.0154440154440154,0.0141287284144427,0.0216450216450216,0.000933706816059757,0.00349497597204019,0.00303030303030303,0.00295937584073177,0.0239425379090184,0,0.00297619047619048,0.00595238095238095,0.00616649537512847,0.010515247108307,0.0211640211640212,0.0346320346320346,0.0419210419210419,0.0452380952380952,0.0466853408029879,0.0424430641821946,0.0476190476190476,0.00813008130081301,0.00221483942414175,0.0010351966873706,0.0025879917184265,0.0134310134310134,0.0299470899470899,0.031055900621118,0,0.00122100122100122,0.00340136054421769,0.0010351966873706,0.00476190476190476,0.00560224089635854,0.00938967136150235,0.0220673635307782,0.0090311986863711,0.0396825396825397,0.0230414746543779,0.0281030444964871,0.015406162464986,0.0251700680272109,0.0106609808102345,0.00496894409937888,0.000952380952380952,0.00105235464351486,0.00216450216450216,0,0.000432900432900433,0.00317460317460317,0.0313725490196078,0.00566893424036281,0.0195488721804511,0.0234059725585149,0.0229276895943563,0.0226190476190476,0.0464576074332172,0.0402414486921529,0.0424430641821946,0.0157418339236521,0.0348258706467662,0.0376984126984127,0.0290556900726392,0.00396825396825397,0.0145180023228804,0.00714285714285714,0.0427881297446515,0.0433673469387755,0.0303030303030303,0.0330687830687831,0.0126984126984127,0.000587889476778366,0.00460829493087558,0,0.01140174379611,0,0.000656814449917898,0.000640040962621608,0,0.012933568489124,0.025879917184265
64,0,0.0,0.0,0.0,0.0,0.0,0.0,0,0.0,0.0,0.0,0.0,0.0,0.0,0.0,0.0,0.0,0.0,0.0,0.0,0.0,0,0.0,0.0,0.0,0.0,0.0,0.0,0.0,0.0,0.0,0.0,0.0,0.0,0.0,0.0,0.0,0.0,0.0,0.0,0,0.0,0.0,0.0,0.0,0.0,0.0,0.0,0.0,0.0,0.0,0.0,0.0,0.0,0.0,0.0,0.0,0.0,0.0,0,0.0,0.0,0.0,0.0,0.0,0.0,0.0,0.0,0.0,0.0,0.0,0.0,0.0,0.0,0.0,0.0,0.0,0.0,0.0,0.0,0.0,0.0,0.0,0.0,0.0,0,0.0,0,0.0,0.0,0,0.0,0.0
65,0,8.10964236477171e-05,0.000178144245940856,0.000967831694068402,0.00244383129680725,0.000736919675755343,0.000197083169097359,0,0.000144864551644213,0.000178412132024978,0.000254237288135593,0.00067258541834813,0.000197083169097359,0.00549702244617499,0.0050288694356491,0.00770416024653313,0.000332336324360253,0.00124397449852278,0.00107858243451464,0.00105333716365029,0.00852192027270145,0,0.00105932203389831,0.00211864406779661,0.00219485428606268,0.00374271507244827,0.00753295668549906,0.012326656394453,0.0149210488193539,0.0161016949152542,0.0166168162180126,0.0151068533529845,0.0169491525423729,0.00289375775113683,0.000788332676389436,0.000368459837877671,0.000921149594694178,0.00478053020425902,0.0106591337099812,0.0110537951363301,0,0.000434593654932638,0.00121065375302663,0.000368459837877671,0.00169491525423729,0.00199401794616152,0.00334208641680592,0.00785448532451426,0.00321449444769141,0.0141242937853107,0.00820120284308365,0.0100027785495971,0.00548354935194417,0.00895883777239709,0.00379458639008348,0.00176860722181282,0.000338983050847458,0.000374566907013765,0.000770416024653313,0,0.000154083204930663,0.00112994350282486,0.0111665004985045,0.00201775625504439,0.00695807314897413,0.00833093938523413,0.00816070307595731,0.00805084745762712,0.0165357585779248,0.0143232275005968,0.0151068533529845,0.00560302563384227,0.0123956488742727,0.0134180790960452,0.0103418557885665,0.00141242937853107,0.00516742455560149,0.00254237288135593,0.0152296732989437,0.0154358353510896,0.0107858243451464,0.0117702448210923,0.00451977401129944,0.000209248796819418,0.00164024056861673,0,0.00405824779183576,0,0.000233781414377557,0.000227811190085657,0,0.0046034735300272,0.00921149594694178
66,0,0.0,0.0,0.0,0.0,0.0,0.0,0,0.0,0.0,0.0,0.0,0.0,0.0,0.0,0.0,0.0,0.0,0.0,0.0,0.0,0,0.0,0.0,0.0,0.0,0.0,0.0,0.0,0.0,0.0,0.0,0.0,0.0,0.0,0.0,0.0,0.0,0.0,0.0,0,0.0,0.0,0.0,0.0,0.0,0.0,0.0,0.0,0.0,0.0,0.0,0.0,0.0,0.0,0.0,0.0,0.0,0.0,0,0.0,0.0,0.0,0.0,0.0,0.0,0.0,0.0,0.0,0.0,0.0,0.0,0.0,0.0,0.0,0.0,0.0,0.0,0.0,0.0,0.0,0.0,0.0,0.0,0.0,0,0.0,0,0.0,0.0,0,0.0,0.0
67,0,0.0,0.0,0.0,0.0,0.0,0.0,0,0.0,0.0,0.0,0.0,0.0,0.0,0.0,0.0,0.0,0.0,0.0,0.0,0.0,0,0.0,0.0,0.0,0.0,0.0,0.0,0.0,0.0,0.0,0.0,0.0,0.0,0.0,0.0,0.0,0.0,0.0,0.0,0,0.0,0.0,0.0,0.0,0.0,0.0,0.0,0.0,0.0,0.0,0.0,0.0,0.0,0.0,0.0,0.0,0.0,0.0,0,0.0,0.0,0.0,0.0,0.0,0.0,0.0,0.0,0.0,0.0,0.0,0.0,0.0,0.0,0.0,0.0,0.0,0.0,0.0,0.0,0.0,0.0,0.0,0.0,0.0,0,0.0,0,0.0,0.0,0,0.0,0.0
68,0,0.0,0.0,0.0,0.0,0.0,0.0,0,0.0,0.0,0.0,0.0,0.0,0.0,0.0,0.0,0.0,0.0,0.0,0.0,0.0,0,0.0,0.0,0.0,0.0,0.0,0.0,0.0,0.0,0.0,0.0,0.0,0.0,0.0,0.0,0.0,0.0,0.0,0.0,0,0.0,0.0,0.0,0.0,0.0,0.0,0.0,0.0,0.0,0.0,0.0,0.0,0.0,0.0,0.0,0.0,0.0,0.0,0,0.0,0.0,0.0,0.0,0.0,0.0,0.0,0.0,0.0,0.0,0.0,0.0,0.0,0.0,0.0,0.0,0.0,0.0,0.0,0.0,0.0,0.0,0.0,0.0,0.0,0,0.0,0,0.0,0.0,0,0.0,0.0
69,0,0.00101084978772154,0.00222053038954447,0.012063817595078,0.0304618408123158,0.00918554807103491,0.00245660006550934,0,0.00180570603105814,0.0022238695329874,0.00316901408450704,0.00838363514419853,0.00245660006550934,0.0685192234488009,0.0626837950781613,0.0960307298335467,0.00414250207125104,0.0155058793125727,0.0134443021766965,0.0131296252088804,0.106223935793532,0,0.0132042253521127,0.0264084507042254,0.0273583949741615,0.0466521526636158,0.0938967136150235,0.153649167733675,0.185987721198989,0.200704225352113,0.207125103562552,0.188303735456216,0.211267605633803,0.0360700790106493,0.00982640026203734,0.00459277403551745,0.0114819350887936,0.0595882990249187,0.132863849765258,0.137783221065524,0,0.00541711809317443,0.0150905432595573,0.00459277403551745,0.0211267605633803,0.0248550124275062,0.0416584011108907,0.0979045001717623,0.0400679941719281,0.176056338028169,0.10222626079055,0.124682521357654,0.0683512841756421,0.111670020120724,0.0472987176792096,0.0220453153704838,0.00422535211267606,0.00466889736207299,0.00960307298335467,0,0.00192061459667093,0.0140845070422535,0.139188069594035,0.0251509054325956,0.0867309117865085,0.103843399379327,0.101721439749609,0.100352112676056,0.20611473720371,0.17853600476096,0.188303735456216,0.069840530788034,0.154509144418751,0.167253521126761,0.128909047505371,0.0176056338028169,0.0644108553761594,0.0316901408450704,0.189834660134721,0.192404426559356,0.134443021766965,0.146713615023474,0.0563380281690141,0.00260824204486176,0.0204452521581099,0,0.0505852013489387,0,0.00291403593977659,0.00283961835529305,0,0.0573813249869588,0.114819350887936
70,0,0.00353650925733306,0.00776863820342081,0.0422058777891568,0.106572295247725,0.0321361058601134,0.00859453993933266,0,0.0063173541434411,0.00778032036613272,0.0110869565217391,0.0293305728088337,0.00859453993933266,0.239717978848414,0.219302436693741,0.33596837944664,0.0144927536231884,0.0542481053051456,0.0470355731225296,0.0459346597887497,0.371629827544328,0,0.046195652173913,0.0923913043478261,0.0957147325617767,0.163214922507201,0.328502415458937,0.537549407114625,0.650687476774433,0.702173913043478,0.72463768115942,0.658790170132325,0.739130434782609,0.126193001060445,0.0343781597573306,0.0160680529300567,0.0401701323251418,0.208472686733556,0.464830917874396,0.482041587901701,0,0.0189520624303233,0.0527950310559006,0.0160680529300567,0.0739130434782609,0.0869565217391304,0.145744029393754,0.342523860021209,0.140179910044978,0.615942028985507,0.357643758765778,0.436208125445474,0.239130434782609,0.390683229813665,0.165476963011032,0.0771266540642722,0.0147826086956522,0.0163343742493394,0.033596837944664,0,0.00671936758893281,0.0492753623188406,0.48695652173913,0.087991718426501,0.303432494279176,0.363301400147384,0.355877616747182,0.351086956521739,0.721102863202545,0.624617268830373,0.658790170132325,0.244340639597557,0.54055807916937,0.585144927536232,0.45099484156227,0.0615942028985507,0.225344644750795,0.110869565217391,0.664146187775677,0.673136645962733,0.470355731225296,0.513285024154589,0.197101449275362,0.00912506709608159,0.0715287517531557,0,0.176974892835273,0,0.0101949025487256,0.00993454885460496,0,0.200751476113795,0.401701323251418
71,0,0.000652457590256633,0.00143325143325143,0.00778664590227759,0.019661733615222,0.00592885375494071,0.00158562367864693,0,0.00116550116550117,0.00143540669856459,0.00204545454545455,0.00541125541125541,0.00158562367864693,0.0442260442260442,0.0404595404595405,0.0619834710743802,0.00267379679144385,0.0100083402835696,0.00867768595041322,0.00847457627118644,0.0685627221940071,0,0.00852272727272727,0.0170454545454545,0.0176586003924133,0.0301118439919702,0.0606060606060606,0.0991735537190083,0.12004662004662,0.129545454545455,0.133689839572193,0.121541501976285,0.136363636363636,0.0232815964523282,0.00634249471458774,0.00296442687747036,0.00741106719367589,0.0384615384615385,0.0857575757575758,0.0889328063241107,0,0.0034965034965035,0.00974025974025974,0.00296442687747036,0.0136363636363636,0.0160427807486631,0.0268886043533931,0.0631929046563193,0.0258620689655172,0.113636363636364,0.0659824046920821,0.0804769001490313,0.0441176470588235,0.0720779220779221,0.0305291723202171,0.0142292490118577,0.00272727272727273,0.00301356102461075,0.00619834710743802,0,0.0012396694214876,0.00909090909090909,0.0898395721925134,0.0162337662337662,0.0559808612440191,0.0670261941448382,0.0656565656565657,0.0647727272727273,0.133037694013304,0.115236875800256,0.121541501976285,0.0450788880540947,0.0997286295793759,0.107954545454545,0.0832049306625578,0.0113636363636364,0.0415742793791574,0.0204545454545455,0.122529644268775,0.124188311688312,0.0867768595041322,0.0946969696969697,0.0363636363636364,0.00168350168350168,0.0131964809384164,0,0.0326504481434059,0,0.00188087774294671,0.00183284457478006,0,0.037037037037037,0.0741106719367589
72,0,0.0,0.0,0.0,0.0,0.0,0.0,0,0.0,0.0,0.0,0.0,0.0,0.0,0.0,0.0,0.0,0.0,0.0,0.0,0.0,0,0.0,0.0,0.0,0.0,0.0,0.0,0.0,0.0,0.0,0.0,0.0,0.0,0.0,0.0,0.0,0.0,0.0,0.0,0,0.0,0.0,0.0,0.0,0.0,0.0,0.0,0.0,0.0,0.0,0.0,0.0,0.0,0.0,0.0,0.0,0.0,0.0,0,0.0,0.0,0.0,0.0,0.0,0.0,0.0,0.0,0.0,0.0,0.0,0.0,0.0,0.0,0.0,0.0,0.0,0.0,0.0,0.0,0.0,0.0,0.0,0.0,0.0,0,0.0,0,0.0,0.0,0,0.0,0.0
73,0,0.0,0.0,0.0,0.0,0.0,0.0,0,0.0,0.0,0.0,0.0,0.0,0.0,0.0,0.0,0.0,0.0,0.0,0.0,0.0,0,0.0,0.0,0.0,0.0,0.0,0.0,0.0,0.0,0.0,0.0,0.0,0.0,0.0,0.0,0.0,0.0,0.0,0.0,0,0.0,0.0,0.0,0.0,0.0,0.0,0.0,0.0,0.0,0.0,0.0,0.0,0.0,0.0,0.0,0.0,0.0,0.0,0,0.0,0.0,0.0,0.0,0.0,0.0,0.0,0.0,0.0,0.0,0.0,0.0,0.0,0.0,0.0,0.0,0.0,0.0,0.0,0.0,0.0,0.0,0.0,0.0,0.0,0,0.0,0,0.0,0.0,0,0.0,0.0
74,0,0.0,0.0,0.0,0.0,0.0,0.0,0,0.0,0.0,0.0,0.0,0.0,0.0,0.0,0.0,0.0,0.0,0.0,0.0,0.0,0,0.0,0.0,0.0,0.0,0.0,0.0,0.0,0.0,0.0,0.0,0.0,0.0,0.0,0.0,0.0,0.0,0.0,0.0,0,0.0,0.0,0.0,0.0,0.0,0.0,0.0,0.0,0.0,0.0,0.0,0.0,0.0,0.0,0.0,0.0,0.0,0.0,0,0.0,0.0,0.0,0.0,0.0,0.0,0.0,0.0,0.0,0.0,0.0,0.0,0.0,0.0,0.0,0.0,0.0,0.0,0.0,0.0,0.0,0.0,0.0,0.0,0.0,0,0.0,0,0.0,0.0,0,0.0,0.0
75,0,0.0,0.0,0.0,0.0,0.0,0.0,0,0.0,0.0,0.0,0.0,0.0,0.0,0.0,0.0,0.0,0.0,0.0,0.0,0.0,0,0.0,0.0,0.0,0.0,0.0,0.0,0.0,0.0,0.0,0.0,0.0,0.0,0.0,0.0,0.0,0.0,0.0,0.0,0,0.0,0.0,0.0,0.0,0.0,0.0,0.0,0.0,0.0,0.0,0.0,0.0,0.0,0.0,0.0,0.0,0.0,0.0,0,0.0,0.0,0.0,0.0,0.0,0.0,0.0,0.0,0.0,0.0,0.0,0.0,0.0,0.0,0.0,0.0,0.0,0.0,0.0,0.0,0.0,0.0,0.0,0.0,0.0,0,0.0,0,0.0,0.0,0,0.0,0.0
76,0,0.000291749328976543,0.000640884787226251,0.00348183353353876,0.00879183210436756,0.00265111346765642,0.000709018718094158,0,0.000521159057744424,0.000641848523748395,0.000914634146341463,0.0024196670538134,0.000709018718094158,0.01977587343441,0.0180916644331278,0.0277161862527716,0.00119560019129603,0.00447527411053927,0.00388026607538803,0.00378944467410776,0.0306581278103284,0,0.0038109756097561,0.00762195121951219,0.00789612212668889,0.0134646456874663,0.02710027100271,0.0443458980044346,0.0536793829476756,0.0579268292682927,0.0597800095648015,0.0543478260869565,0.0609756097560976,0.0104104699583581,0.00283607487237663,0.00132555673382821,0.00331389183457052,0.017198248905566,0.0383468834688347,0.0397667020148462,0,0.00156347717323327,0.00435540069686411,0.00132555673382821,0.00609756097560976,0.00717360114777618,0.0120233596702164,0.028256989886972,0.0115643397813288,0.0508130081300813,0.0295043273013375,0.0359856057576969,0.0197274031563845,0.0322299651567944,0.0136512559155442,0.0063626723223754,0.00121951219512195,0.00134752728742757,0.00277161862527716,0,0.000554323725055432,0.0040650406504065,0.0401721664275466,0.00725900116144019,0.0250320924261874,0.0299710624224886,0.0293586269196025,0.0289634146341463,0.0594883997620464,0.0515286843009275,0.0543478260869565,0.0201572263656521,0.0445941026574445,0.0482723577235772,0.0372054568003307,0.00508130081300813,0.0185901249256395,0.00914634146341463,0.0547896783315659,0.0555313588850174,0.0388026607538803,0.0423441734417344,0.016260162601626,0.000752785305630834,0.00590086546026751,0,0.0145997938852628,0,0.000841042893187553,0.000819564647259376,0,0.0165612767238783,0.0331389183457052
77,0,0.000797448165869219,0.00175175175175175,0.00951701165833928,0.024031007751938,0.0072463768115942,0.00193798449612403,0,0.00142450142450142,0.00175438596491228,0.0025,0.00661375661375661,0.00193798449612403,0.0540540540540541,0.0494505494505494,0.0757575757575758,0.00326797385620915,0.0122324159021407,0.0106060606060606,0.0103578154425612,0.0837988826815642,0,0.0104166666666667,0.0208333333333333,0.0215827338129496,0.0368033648790747,0.0740740740740741,0.121212121212121,0.146723646723647,0.158333333333333,0.163398692810458,0.148550724637681,0.166666666666667,0.0284552845528455,0.00775193798449612,0.0036231884057971,0.00905797101449275,0.047008547008547,0.104814814814815,0.108695652173913,0,0.00427350427350427,0.0119047619047619,0.0036231884057971,0.0166666666666667,0.0196078431372549,0.0328638497652582,0.0772357723577236,0.0316091954022989,0.138888888888889,0.0806451612903226,0.0983606557377049,0.053921568627451,0.0880952380952381,0.0373134328358209,0.0173913043478261,0.00333333333333333,0.00368324125230203,0.00757575757575758,0,0.00151515151515152,0.0111111111111111,0.109803921568627,0.0198412698412698,0.068421052631579,0.0819209039548023,0.0802469135802469,0.0791666666666667,0.16260162601626,0.140845070422535,0.148550724637681,0.0550964187327824,0.121890547263682,0.131944444444444,0.101694915254237,0.0138888888888889,0.0508130081300813,0.025,0.14975845410628,0.151785714285714,0.106060606060606,0.115740740740741,0.0444444444444444,0.00205761316872428,0.0161290322580645,0,0.039906103286385,0,0.00229885057471264,0.00224014336917563,0,0.0452674897119342,0.0905797101449275
78,0,0.000138686637542473,0.000304652478565522,0.00165513246231988,0.00417930569598921,0.00126023944549464,0.000337040781934614,0,0.000247739378174161,0.00030511060259344,0.000434782608695652,0.00115021854152289,0.000337040781934614,0.00940070505287897,0.0086000955566173,0.0131752305665349,0.000568343279340722,0.00212737667863316,0.00184453227931489,0.00180135920740195,0.0145737187272286,0,0.00181159420289855,0.0036231884057971,0.00375351892399124,0.00640058519636081,0.0128824476650564,0.0210803689064559,0.0255171559519386,0.027536231884058,0.0284171639670361,0.0258349086326402,0.0289855072463768,0.00494874513962531,0.00134816312773846,0.000630119722747322,0.0015752993068683,0.00817539947974731,0.0182286634460548,0.0189035916824197,0,0.000743218134522482,0.0020703933747412,0.000630119722747322,0.00289855072463768,0.00341005967604433,0.00571545213308839,0.0134323082361258,0.00549725137431284,0.0241545893719807,0.0140252454417952,0.0171062009978617,0.00937766410912191,0.0153209109730849,0.00648929266709929,0.00302457466918715,0.000579710144927536,0.000640563696052526,0.00131752305665349,0,0.000263504611330698,0.00193236714975845,0.0190963341858483,0.00345065562456867,0.0118993135011442,0.01424711373127,0.0139559849704777,0.013768115942029,0.0282785436550018,0.0244947948560931,0.0258349086326402,0.00958198586657085,0.0211983560458577,0.0229468599033816,0.0176860722181282,0.00241545893719807,0.00883704489218805,0.00434782608695652,0.0260449485402226,0.0263975155279503,0.0184453227931489,0.0201288244766506,0.00772946859903382,0.000357845768473788,0.00280504908835905,0,0.00694019187589304,0,0.000399800099950025,0.000389590151160979,0,0.00787260690642333,0.015752993068683
79,0,0.0,0.0,0.0,0.0,0.0,0.0,0,0.0,0.0,0.0,0.0,0.0,0.0,0.0,0.0,0.0,0.0,0.0,0.0,0.0,0,0.0,0.0,0.0,0.0,0.0,0.0,0.0,0.0,0.0,0.0,0.0,0.0,0.0,0.0,0.0,0.0,0.0,0.0,0,0.0,0.0,0.0,0.0,0.0,0.0,0.0,0.0,0.0,0.0,0.0,0.0,0.0,0.0,0.0,0.0,0.0,0.0,0,0.0,0.0,0.0,0.0,0.0,0.0,0.0,0.0,0.0,0.0,0.0,0.0,0.0,0.0,0.0,0.0,0.0,0.0,0.0,0.0,0.0,0.0,0.0,0.0,0.0,0,0.0,0,0.0,0.0,0,0.0,0.0
80,0,0.0,0.0,0.0,0.0,0.0,0.0,0,0.0,0.0,0.0,0.0,0.0,0.0,0.0,0.0,0.0,0.0,0.0,0.0,0.0,0,0.0,0.0,0.0,0.0,0.0,0.0,0.0,0.0,0.0,0.0,0.0,0.0,0.0,0.0,0.0,0.0,0.0,0.0,0,0.0,0.0,0.0,0.0,0.0,0.0,0.0,0.0,0.0,0.0,0.0,0.0,0.0,0.0,0.0,0.0,0.0,0.0,0,0.0,0.0,0.0,0.0,0.0,0.0,0.0,0.0,0.0,0.0,0.0,0.0,0.0,0.0,0.0,0.0,0.0,0.0,0.0,0.0,0.0,0.0,0.0,0.0,0.0,0,0.0,0,0.0,0.0,0,0.0,0.0
81,0,0.000598086124401914,0.00131381381381381,0.00713775874375446,0.0180232558139535,0.00543478260869565,0.00145348837209302,0,0.00106837606837607,0.00131578947368421,0.001875,0.00496031746031746,0.00145348837209302,0.0405405405405405,0.0370879120879121,0.0568181818181818,0.00245098039215686,0.00917431192660551,0.00795454545454545,0.0077683615819209,0.0628491620111732,0,0.0078125,0.015625,0.0161870503597122,0.027602523659306,0.0555555555555556,0.0909090909090909,0.110042735042735,0.11875,0.122549019607843,0.111413043478261,0.125,0.0213414634146341,0.00581395348837209,0.00271739130434783,0.00679347826086957,0.0352564102564103,0.0786111111111111,0.0815217391304348,0,0.00320512820512821,0.00892857142857143,0.00271739130434783,0.0125,0.0147058823529412,0.0246478873239437,0.0579268292682927,0.0237068965517241,0.104166666666667,0.0604838709677419,0.0737704918032787,0.0404411764705882,0.0660714285714286,0.0279850746268657,0.0130434782608696,0.0025,0.00276243093922652,0.00568181818181818,0,0.00113636363636364,0.00833333333333333,0.0823529411764706,0.0148809523809524,0.0513157894736842,0.0614406779661017,0.0601851851851852,0.059375,0.121951219512195,0.105633802816901,0.111413043478261,0.0413223140495868,0.0914179104477612,0.0989583333333333,0.076271186440678,0.0104166666666667,0.038109756097561,0.01875,0.11231884057971,0.113839285714286,0.0795454545454545,0.0868055555555556,0.0333333333333333,0.00154320987654321,0.0120967741935484,0,0.0299295774647887,0,0.00172413793103448,0.00168010752688172,0,0.0339506172839506,0.0679347826086956
82,0,0.00414673046251994,0.00910910910910911,0.0494884606233643,0.124961240310078,0.0376811594202899,0.010077519379845,0,0.00740740740740741,0.00912280701754386,0.013,0.0343915343915344,0.010077519379845,0.281081081081081,0.257142857142857,0.393939393939394,0.0169934640522876,0.0636085626911315,0.0551515151515152,0.0538606403013183,0.435754189944134,0,0.0541666666666667,0.108333333333333,0.112230215827338,0.191377497371188,0.385185185185185,0.63030303030303,0.762962962962963,0.823333333333333,0.849673202614379,0.772463768115942,0.866666666666667,0.147967479674797,0.0403100775193798,0.0188405797101449,0.0471014492753623,0.244444444444444,0.545037037037037,0.565217391304348,0,0.0222222222222222,0.0619047619047619,0.0188405797101449,0.0866666666666667,0.101960784313725,0.170892018779343,0.401626016260163,0.164367816091954,0.722222222222222,0.419354838709677,0.511475409836066,0.280392156862745,0.458095238095238,0.194029850746269,0.0904347826086957,0.0173333333333333,0.0191528545119705,0.0393939393939394,0,0.00787878787878788,0.0577777777777778,0.570980392156863,0.103174603174603,0.355789473684211,0.425988700564972,0.417283950617284,0.411666666666667,0.845528455284553,0.732394366197183,0.772463768115942,0.286501377410468,0.633830845771144,0.686111111111111,0.528813559322034,0.0722222222222222,0.264227642276423,0.13,0.778743961352657,0.789285714285714,0.551515151515152,0.601851851851852,0.231111111111111,0.0106995884773663,0.0838709677419355,0,0.207511737089202,0,0.0119540229885057,0.0116487455197133,0,0.235390946502058,0.471014492753623
83,0,0.000118140469017662,0.000259518778037297,0.0014099276530873,0.00356014929658341,0.00107353730542136,0.000287108814240597,0,0.000211037248074285,0.000259909031838856,0.00037037037037037,0.000979815794630609,0.000287108814240597,0.00800800800800801,0.00732600732600733,0.0112233445566779,0.000484144274993948,0.0018122097632801,0.0015712682379349,0.00153449117667573,0.0124146492861577,0,0.00154320987654321,0.00308641975308642,0.00319744204636291,0.0054523503524555,0.0109739368998628,0.0179573512906846,0.0217368365516514,0.0234567901234568,0.0242072137496974,0.022007514761138,0.0246913580246914,0.00421559771153267,0.00114843525696239,0.000536768652710682,0.0013419216317767,0.00696422918645141,0.0155281207133059,0.0161030595813204,0,0.000633111744222855,0.0017636684303351,0.000536768652710682,0.00246913580246914,0.00290486564996369,0.00486871848374196,0.0114423366455887,0.00468284376330353,0.0205761316872428,0.01194743130227,0.0145719489981785,0.00798838053740015,0.0130511463844797,0.00552791597567717,0.00257648953301127,0.000493827160493827,0.000545665370711411,0.00112233445566779,0,0.000224466891133558,0.00164609053497942,0.0162672476397967,0.00293944738389183,0.0101364522417154,0.0121364302155263,0.0118884316415181,0.0117283950617284,0.0240891297801867,0.0208659363588941,0.022007514761138,0.00816243240485665,0.0180578588538788,0.0195473251028807,0.0150659133709981,0.00205761316872428,0.00752785305630834,0.0037037037037037,0.0221864376453748,0.0224867724867725,0.015712682379349,0.0171467764060357,0.0065843621399177,0.000304831580551745,0.002389486260454,0,0.00591201530168666,0,0.000340570455512984,0.000331873091729723,0,0.00670629477213839,0.013419216317767
84,0,0.00231517209445902,0.00508573089218251,0.0276300338467915,0.0697674418604651,0.0210378681626928,0.00562640660165041,0,0.00413564929693962,0.00509337860780985,0.00725806451612903,0.0192012288786482,0.00562640660165041,0.15693112467306,0.143566111308047,0.219941348973607,0.0094876660341556,0.0355134655223439,0.030791788856305,0.0300710770913067,0.243287078752928,0,0.030241935483871,0.0604838709677419,0.0626595497795312,0.106848478681184,0.21505376344086,0.351906158357771,0.425971877584781,0.459677419354839,0.47438330170778,0.431276297335203,0.483870967741935,0.0826121164437451,0.0225056264066016,0.0105189340813464,0.0262973352033661,0.136476426799007,0.304301075268817,0.315568022440393,0,0.0124069478908189,0.0345622119815668,0.0105189340813464,0.0483870967741935,0.0569259962049336,0.0954111767378464,0.224232887490165,0.0917686318131257,0.403225806451613,0.234131113423517,0.285563194077208,0.156546489563567,0.255760368663594,0.108329321136254,0.0504908835904628,0.00967741935483871,0.0106932810550704,0.0219941348973607,0,0.00439882697947214,0.032258064516129,0.318785578747628,0.0576036866359447,0.198641765704584,0.237834882449426,0.232974910394265,0.229838709677419,0.4720692368214,0.408905043162199,0.431276297335203,0.159957344708078,0.35387578237843,0.383064516129032,0.295243302351011,0.0403225806451613,0.147521636506688,0.0725806451612903,0.434782608695652,0.440668202764977,0.30791788856305,0.336021505376344,0.129032258064516,0.00597371565113501,0.0468262226847034,0,0.115856428895956,0,0.00667408231368187,0.00650364203954214,0,0.13142174432497,0.262973352033661
85,0,0.000412473189242699,0.000906078492285389,0.00492259223707204,0.01242983159583,0.00374812593703148,0.00100240577385726,0,0.000736811081638668,0.000907441016333938,0.00129310344827586,0.00342090859332239,0.00100240577385726,0.0279589934762349,0.0255778704054566,0.0391849529780564,0.00169033130493577,0.00632711167352104,0.0054858934169279,0.00535749074615235,0.0433442496628781,0,0.00538793103448276,0.0107758620689655,0.0111634830066981,0.0190362232133145,0.0383141762452107,0.0626959247648903,0.0758915414087828,0.0818965517241379,0.0845165652467884,0.0768365817091454,0.0862068965517241,0.0147182506307822,0.00400962309542903,0.00187406296851574,0.00468515742128936,0.024314765694076,0.0542145593869732,0.0562218890554723,0,0.002210433244916,0.0061576354679803,0.00187406296851574,0.00862068965517241,0.0101419878296146,0.0169985429820301,0.0399495374264087,0.0163495838287753,0.0718390804597701,0.0417130144605117,0.0508762012436405,0.0278904665314402,0.0455665024630542,0.0193000514668039,0.00899550224887556,0.00172413793103448,0.00190512478567346,0.00391849529780564,0,0.000783699059561128,0.00574712643678161,0.0567951318458418,0.0102627257799672,0.0353901996370236,0.0423728813559322,0.041507024265645,0.040948275862069,0.0841042893187553,0.0728508984944148,0.0768365817091454,0.0284981476204047,0.0630468347915594,0.0682471264367816,0.0526008182349503,0.00718390804597701,0.026282590412111,0.0129310344827586,0.0774612693653173,0.0785098522167488,0.054858934169279,0.0598659003831418,0.0229885057471264,0.00106428267347808,0.00834260289210234,0,0.0206410879067509,0,0.00118906064209275,0.00115869484612532,0,0.0234142188165177,0.0468515742128936
86,0,0.00134779971696206,0.0029607071860593,0.0160850901267706,0.0406157877497543,0.0122473974280465,0.00327546675401245,0,0.00240760804141086,0.00296515937731653,0.00422535211267606,0.0111781801922647,0.00327546675401245,0.0913589645984012,0.0835783934375484,0.128040973111396,0.00552333609500138,0.0206745057500969,0.0179257362355954,0.0175061669451739,0.141631914391376,0,0.0176056338028169,0.0352112676056338,0.0364778599655487,0.0622028702181543,0.125195618153365,0.204865556978233,0.247983628265318,0.267605633802817,0.276166804750069,0.251071647274954,0.28169014084507,0.0480934386808657,0.0131018670160498,0.00612369871402327,0.0153092467850582,0.0794510653665583,0.177151799687011,0.183710961420698,0,0.00722282412423257,0.0201207243460765,0.00612369871402327,0.028169014084507,0.0331400165700083,0.0555445348145209,0.13053933356235,0.0534239922292375,0.234741784037559,0.136301681054066,0.166243361810205,0.0911350455675228,0.148893360160966,0.0630649569056128,0.0293937538273117,0.00563380281690141,0.00622519648276399,0.0128040973111396,0,0.00256081946222791,0.0187793427230047,0.185584092792046,0.0335345405767941,0.115641215715345,0.138457865839102,0.135628586332812,0.133802816901408,0.274819649604947,0.238048006347947,0.251071647274954,0.0931207077173787,0.206012192558335,0.223004694835681,0.171878730007162,0.0234741784037559,0.0858811405015459,0.0422535211267606,0.253112880179629,0.256539235412475,0.179257362355954,0.195618153364632,0.0751173708920188,0.00347765605981568,0.0272603362108133,0,0.0674469351319183,0,0.00388538125303545,0.0037861578070574,0,0.076508433315945,0.153092467850582
87,0,0.0,0.0,0.0,0.0,0.0,0.0,0,0.0,0.0,0.0,0.0,0.0,0.0,0.0,0.0,0.0,0.0,0.0,0.0,0.0,0,0.0,0.0,0.0,0.0,0.0,0.0,0.0,0.0,0.0,0.0,0.0,0.0,0.0,0.0,0.0,0.0,0.0,0.0,0,0.0,0.0,0.0,0.0,0.0,0.0,0.0,0.0,0.0,0.0,0.0,0.0,0.0,0.0,0.0,0.0,0.0,0.0,0,0.0,0.0,0.0,0.0,0.0,0.0,0.0,0.0,0.0,0.0,0.0,0.0,0.0,0.0,0.0,0.0,0.0,0.0,0.0,0.0,0.0,0.0,0.0,0.0,0.0,0,0.0,0,0.0,0.0,0,0.0,0.0
88,0,3.29978551394159e-05,7.24862793828311e-05,0.000393807378965763,0.000994386527666399,0.000299850074962519,8.01924619085806e-05,0,5.89448865310934e-05,7.25952813067151e-05,0.000103448275862069,0.000273672687465791,8.01924619085806e-05,0.00223671947809879,0.00204622963243653,0.00313479623824451,0.000135226504394861,0.000506168933881683,0.000438871473354232,0.000428599259692188,0.00346753997303024,0,0.000431034482758621,0.000862068965517241,0.000893078640535847,0.00152289785706516,0.00306513409961686,0.00501567398119122,0.00607132331270262,0.00655172413793103,0.00676132521974307,0.00614692653673163,0.00689655172413793,0.00117746005046257,0.000320769847634322,0.000149925037481259,0.000374812593703148,0.00194518125552608,0.00433716475095785,0.00449775112443778,0,0.00017683465959328,0.000492610837438424,0.000149925037481259,0.000689655172413793,0.000811359026369168,0.00135988343856241,0.0031959629941127,0.00130796670630202,0.00574712643678161,0.00333704115684093,0.00407009609949124,0.00223123732251521,0.00364532019704433,0.00154400411734431,0.000719640179910045,0.000137931034482759,0.000152409982853877,0.000313479623824451,0,6.26959247648903e-05,0.000459770114942529,0.00454361054766734,0.000821018062397373,0.00283121597096189,0.00338983050847458,0.0033205619412516,0.00327586206896552,0.00672834314550042,0.00582807187955318,0.00614692653673163,0.00227985180963237,0.00504374678332476,0.00545977011494253,0.00420806545879603,0.000574712643678161,0.00210260723296888,0.00103448275862069,0.00619690154922539,0.0062807881773399,0.00438871473354232,0.00478927203065134,0.00183908045977011,8.51426138782461e-05,0.000667408231368187,0,0.00165128703254007,0,9.51248513674197e-05,9.26955876900259e-05,0,0.00187313750532141,0.00374812593703148
89,0,1.2862067191439e-05,2.8254060512125e-05,0.00015350018803773,0.000387596899224806,0.000116877045348294,3.12578144536134e-05,0,2.29758294274423e-05,2.82965478211658e-05,4.03225806451613e-05,0.000106673493770268,3.12578144536134e-05,0.000871839581517001,0.000797589507266927,0.00122189638318671,5.27092557453089e-05,0.000197297030679688,0.000171065493646139,0.000167061539396148,0.00135159488196071,0,0.000168010752688172,0.000336021505376344,0.000348108609886285,0.000593602659339914,0.001194743130227,0.00195503421309873,0.00236651043102656,0.00255376344086022,0.00263546278726544,0.00239597942964002,0.00268817204301075,0.00045895620246525,0.000125031257814454,5.84385226741468e-05,0.000146096306685367,0.000758202371105597,0.00169056152927121,0.0017531556802244,0,6.8927488282327e-05,0.000192012288786482,5.84385226741468e-05,0.000268817204301075,0.000316255534471853,0.000530062092988036,0.00124573826383425,0.000509825732295143,0.00224014336917563,0.00130072840790843,0.00158646218931782,0.000869702719797597,0.00142089093701997,0.000601829561868079,0.000280504908835905,5.37634408602151e-05,5.94071169726133e-05,0.000122189638318671,0,2.44379276637341e-05,0.00017921146953405,0.00177103099304238,0.000320020481310804,0.00110356536502547,0.00132130490249681,0.00129430505774592,0.00127688172043011,0.00262260687123,0.00227169468423444,0.00239597942964002,0.000888651915044877,0.00196597656876906,0.00212813620071685,0.00164024056861673,0.000224014336917563,0.000819564647259376,0.000403225806451613,0.00241545893719807,0.00244815668202765,0.00171065493646139,0.00186678614097969,0.000716845878136201,3.31873091729723e-05,0.000260145681581686,0,0.000643646827199758,0,3.70782350760104e-05,3.6131344664123e-05,0,0.00073012080180539,0.00146096306685367
90,0,0.0,0.0,0.0,0.0,0.0,0.0,0,0.0,0.0,0.0,0.0,0.0,0.0,0.0,0.0,0.0,0.0,0.0,0.0,0.0,0,0.0,0.0,0.0,0.0,0.0,0.0,0.0,0.0,0.0,0.0,0.0,0.0,0.0,0.0,0.0,0.0,0.0,0.0,0,0.0,0.0,0.0,0.0,0.0,0.0,0.0,0.0,0.0,0.0,0.0,0.0,0.0,0.0,0.0,0.0,0.0,0.0,0,0.0,0.0,0.0,0.0,0.0,0.0,0.0,0.0,0.0,0.0,0.0,0.0,0.0,0.0,0.0,0.0,0.0,0.0,0.0,0.0,0.0,0.0,0.0,0.0,0.0,0,0.0,0,0.0,0.0,0,0.0,0.0
91,0,0.0,0.0,0.0,0.0,0.0,0.0,0,0.0,0.0,0.0,0.0,0.0,0.0,0.0,0.0,0.0,0.0,0.0,0.0,0.0,0,0.0,0.0,0.0,0.0,0.0,0.0,0.0,0.0,0.0,0.0,0.0,0.0,0.0,0.0,0.0,0.0,0.0,0.0,0,0.0,0.0,0.0,0.0,0.0,0.0,0.0,0.0,0.0,0.0,0.0,0.0,0.0,0.0,0.0,0.0,0.0,0.0,0,0.0,0.0,0.0,0.0,0.0,0.0,0.0,0.0,0.0,0.0,0.0,0.0,0.0,0.0,0.0,0.0,0.0,0.0,0.0,0.0,0.0,0.0,0.0,0.0,0.0,0,0.0,0,0.0,0.0,0,0.0,0.0
92,0,0.0,0.0,0.0,0.0,0.0,0.0,0,0.0,0.0,0.0,0.0,0.0,0.0,0.0,0.0,0.0,0.0,0.0,0.0,0.0,0,0.0,0.0,0.0,0.0,0.0,0.0,0.0,0.0,0.0,0.0,0.0,0.0,0.0,0.0,0.0,0.0,0.0,0.0,0,0.0,0.0,0.0,0.0,0.0,0.0,0.0,0.0,0.0,0.0,0.0,0.0,0.0,0.0,0.0,0.0,0.0,0.0,0,0.0,0.0,0.0,0.0,0.0,0.0,0.0,0.0,0.0,0.0,0.0,0.0,0.0,0.0,0.0,0.0,0.0,0.0,0.0,0.0,0.0,0.0,0.0,0.0,0.0,0,0.0,0,0.0,0.0,0,0.0,0.0
