,0,1,2,3,4,5,6,7,8,9,10,11,12,13,14,15,16,17,18,19,20,21,22,23,24,25,26,27,28,29,30,31,32,33,34,35,36,37,38,39,40,41,42,43,44,45,46,47,48,49,50,51,52,53,54,55,56,57,58,59,60,61,62,63,64,65,66,67,68,69,70,71,72,73,74,75,76,77,78,79,80,81,82,83
0,0.0,0.0,0.0,0.0,0.0,0.0,0.0,0.0,0.0,0.0,0.0,0.0,0.0,0.0,0.0,0.0,0.0,0.0,0.0,0.0,0.0,0.0,0.0,0.0,0.0,0,0,0,0.0,0,0,0,0,0,0,0,0,0,0.0,0,0,0,0,0.0,0,0,0,0,0,0,0,0.0,0,0.0,0,0,0,0,0,0,0,0.0,0,0.0,0.0,0.0,0.0,0.0,0.0,0,0.0,0.0,0,0.0,0,0.0,0,0.0,0,0,0.0,0,0,0.0
1,0.0,0.0,0.0,0.0,0.0,0.0,0.0,0.0,0.0,0.0,0.0,0.0,0.0,0.0,0.0,0.0,0.0,0.0,0.0,0.0,0.0,0.0,0.0,0.0,0.0,0,0,0,0.0,0,0,0,0,0,0,0,0,0,0.0,0,0,0,0,0.0,0,0,0,0,0,0,0,0.0,0,0.0,0,0,0,0,0,0,0,0.0,0,0.0,0.0,0.0,0.0,0.0,0.0,0,0.0,0.0,0,0.0,0,0.0,0,0.0,0,0,0.0,0,0,0.0
2,0.0,0.0,0.0,0.0,0.0,0.0,0.0,0.0,0.0,0.0,0.0,0.0,0.0,0.0,0.0,0.0,0.0,0.0,0.0,0.0,0.0,0.0,0.0,0.0,0.0,0,0,0,0.0,0,0,0,0,0,0,0,0,0,0.0,0,0,0,0,0.0,0,0,0,0,0,0,0,0.0,0,0.0,0,0,0,0,0,0,0,0.0,0,0.0,0.0,0.0,0.0,0.0,0.0,0,0.0,0.0,0,0.0,0,0.0,0,0.0,0,0,0.0,0,0,0.0
3,0.0,0.0,0.0,0.0,0.0,0.0,0.0,0.0,0.0,0.0,0.0,0.0,0.0,0.0,0.0,0.0,0.0,0.0,0.0,0.0,0.0,0.0,0.0,0.0,0.0,0,0,0,0.0,0,0,0,0,0,0,0,0,0,0.0,0,0,0,0,0.0,0,0,0,0,0,0,0,0.0,0,0.0,0,0,0,0,0,0,0,0.0,0,0.0,0.0,0.0,0.0,0.0,0.0,0,0.0,0.0,0,0.0,0,0.0,0,0.0,0,0,0.0,0,0,0.0
4,0.0,0.0,0.0,0.0,0.0,0.0,0.0,0.0,0.0,0.0,0.0,0.0,0.0,0.0,0.0,0.0,0.0,0.0,0.0,0.0,0.0,0.0,0.0,0.0,0.0,0,0,0,0.0,0,0,0,0,0,0,0,0,0,0.0,0,0,0,0,0.0,0,0,0,0,0,0,0,0.0,0,0.0,0,0,0,0,0,0,0,0.0,0,0.0,0.0,0.0,0.0,0.0,0.0,0,0.0,0.0,0,0.0,0,0.0,0,0.0,0,0,0.0,0,0,0.0
5,0.0,0.0,0.0,0.0,0.0,0.0,0.0,0.0,0.0,0.0,0.0,0.0,0.0,0.0,0.0,0.0,0.0,0.0,0.0,0.0,0.0,0.0,0.0,0.0,0.0,0,0,0,0.0,0,0,0,0,0,0,0,0,0,0.0,0,0,0,0,0.0,0,0,0,0,0,0,0,0.0,0,0.0,0,0,0,0,0,0,0,0.0,0,0.0,0.0,0.0,0.0,0.0,0.0,0,0.0,0.0,0,0.0,0,0.0,0,0.0,0,0,0.0,0,0,0.0
6,0.0,0.0,0.0,0.0,0.0,0.0,0.0,0.0,0.0,0.0,0.0,0.0,0.0,0.0,0.0,0.0,0.0,0.0,0.0,0.0,0.0,0.0,0.0,0.0,0.0,0,0,0,0.0,0,0,0,0,0,0,0,0,0,0.0,0,0,0,0,0.0,0,0,0,0,0,0,0,0.0,0,0.0,0,0,0,0,0,0,0,0.0,0,0.0,0.0,0.0,0.0,0.0,0.0,0,0.0,0.0,0,0.0,0,0.0,0,0.0,0,0,0.0,0,0,0.0
7,0.0,0.0,0.0,0.0,0.0,0.0,0.0,0.0,0.0,0.0,0.0,0.0,0.0,0.0,0.0,0.0,0.0,0.0,0.0,0.0,0.0,0.0,0.0,0.0,0.0,0,0,0,0.0,0,0,0,0,0,0,0,0,0,0.0,0,0,0,0,0.0,0,0,0,0,0,0,0,0.0,0,0.0,0,0,0,0,0,0,0,0.0,0,0.0,0.0,0.0,0.0,0.0,0.0,0,0.0,0.0,0,0.0,0,0.0,0,0.0,0,0,0.0,0,0,0.0
8,0.0,0.0,0.0,0.0,0.0,0.0,0.0,0.0,0.0,0.0,0.0,0.0,0.0,0.0,0.0,0.0,0.0,0.0,0.0,0.0,0.0,0.0,0.0,0.0,0.0,0,0,0,0.0,0,0,0,0,0,0,0,0,0,0.0,0,0,0,0,0.0,0,0,0,0,0,0,0,0.0,0,0.0,0,0,0,0,0,0,0,0.0,0,0.0,0.0,0.0,0.0,0.0,0.0,0,0.0,0.0,0,0.0,0,0.0,0,0.0,0,0,0.0,0,0,0.0
9,0.0,0.0,0.0,0.0,0.0,0.0,0.0,0.0,0.0,0.0,0.0,0.0,0.0,0.0,0.0,0.0,0.0,0.0,0.0,0.0,0.0,0.0,0.0,0.0,0.0,0,0,0,0.0,0,0,0,0,0,0,0,0,0,0.0,0,0,0,0,0.0,0,0,0,0,0,0,0,0.0,0,0.0,0,0,0,0,0,0,0,0.0,0,0.0,0.0,0.0,0.0,0.0,0.0,0,0.0,0.0,0,0.0,0,0.0,0,0.0,0,0,0.0,0,0,0.0
10,0.0,0.0,0.0,0.0,0.0,0.0,0.0,0.0,0.0,0.0,0.0,0.0,0.0,0.0,0.0,0.0,0.0,0.0,0.0,0.0,0.0,0.0,0.0,0.0,0.0,0,0,0,0.0,0,0,0,0,0,0,0,0,0,0.0,0,0,0,0,0.0,0,0,0,0,0,0,0,0.0,0,0.0,0,0,0,0,0,0,0,0.0,0,0.0,0.0,0.0,0.0,0.0,0.0,0,0.0,0.0,0,0.0,0,0.0,0,0.0,0,0,0.0,0,0,0.0
11,0.0,0.0,0.0,0.0,0.0,0.0,0.0,0.0,0.0,0.0,0.0,0.0,0.0,0.0,0.0,0.0,0.0,0.0,0.0,0.0,0.0,0.0,0.0,0.0,0.0,0,0,0,0.0,0,0,0,0,0,0,0,0,0,0.0,0,0,0,0,0.0,0,0,0,0,0,0,0,0.0,0,0.0,0,0,0,0,0,0,0,0.0,0,0.0,0.0,0.0,0.0,0.0,0.0,0,0.0,0.0,0,0.0,0,0.0,0,0.0,0,0,0.0,0,0,0.0
12,0.0,0.0,0.0,0.0,0.0,0.0,0.0,0.0,0.0,0.0,0.0,0.0,0.0,0.0,0.0,0.0,0.0,0.0,0.0,0.0,0.0,0.0,0.0,0.0,0.0,0,0,0,0.0,0,0,0,0,0,0,0,0,0,0.0,0,0,0,0,0.0,0,0,0,0,0,0,0,0.0,0,0.0,0,0,0,0,0,0,0,0.0,0,0.0,0.0,0.0,0.0,0.0,0.0,0,0.0,0.0,0,0.0,0,0.0,0,0.0,0,0,0.0,0,0,0.0
13,0.0,0.0,0.0,0.0,0.0,0.0,0.0,0.0,0.0,0.0,0.0,0.0,0.0,0.0,0.0,0.0,0.0,0.0,0.0,0.0,0.0,0.0,0.0,0.0,0.0,0,0,0,0.0,0,0,0,0,0,0,0,0,0,0.0,0,0,0,0,0.0,0,0,0,0,0,0,0,0.0,0,0.0,0,0,0,0,0,0,0,0.0,0,0.0,0.0,0.0,0.0,0.0,0.0,0,0.0,0.0,0,0.0,0,0.0,0,0.0,0,0,0.0,0,0,0.0
14,0.0,0.0,0.0,0.0,0.0,0.0,0.0,0.0,0.0,0.0,0.0,0.0,0.0,0.0,0.0,0.0,0.0,0.0,0.0,0.0,0.0,0.0,0.0,0.0,0.0,0,0,0,0.0,0,0,0,0,0,0,0,0,0,0.0,0,0,0,0,0.0,0,0,0,0,0,0,0,0.0,0,0.0,0,0,0,0,0,0,0,0.0,0,0.0,0.0,0.0,0.0,0.0,0.0,0,0.0,0.0,0,0.0,0,0.0,0,0.0,0,0,0.0,0,0,0.0
15,0.0,0.0,0.0,0.0,0.0,0.0,0.0,0.0,0.0,0.0,0.0,0.0,0.0,0.0,0.0,0.0,0.0,0.0,0.0,0.0,0.0,0.0,0.0,0.0,0.0,0,0,0,0.0,0,0,0,0,0,0,0,0,0,0.0,0,0,0,0,0.0,0,0,0,0,0,0,0,0.0,0,0.0,0,0,0,0,0,0,0,0.0,0,0.0,0.0,0.0,0.0,0.0,0.0,0,0.0,0.0,0,0.0,0,0.0,0,0.0,0,0,0.0,0,0,0.0
16,0.0,0.0,0.0,0.0,0.0,0.0,0.0,0.0,0.0,0.0,0.0,0.0,0.0,0.0,0.0,0.0,0.0,0.0,0.0,0.0,0.0,0.0,0.0,0.0,0.0,0,0,0,0.0,0,0,0,0,0,0,0,0,0,0.0,0,0,0,0,0.0,0,0,0,0,0,0,0,0.0,0,0.0,0,0,0,0,0,0,0,0.0,0,0.0,0.0,0.0,0.0,0.0,0.0,0,0.0,0.0,0,0.0,0,0.0,0,0.0,0,0,0.0,0,0,0.0
17,0.0,0.0,0.0,0.0,0.0,0.0,0.0,0.0,0.0,0.0,0.0,0.0,0.0,0.0,0.0,0.0,0.0,0.0,0.0,0.0,0.0,0.0,0.0,0.0,0.0,0,0,0,0.0,0,0,0,0,0,0,0,0,0,0.0,0,0,0,0,0.0,0,0,0,0,0,0,0,0.0,0,0.0,0,0,0,0,0,0,0,0.0,0,0.0,0.0,0.0,0.0,0.0,0.0,0,0.0,0.0,0,0.0,0,0.0,0,0.0,0,0,0.0,0,0,0.0
18,0.0,0.0,0.0,0.0,0.0,0.0,0.0,0.0,0.0,0.0,0.0,0.0,0.0,0.0,0.0,0.0,0.0,0.0,0.0,0.0,0.0,0.0,0.0,0.0,0.0,0,0,0,0.0,0,0,0,0,0,0,0,0,0,0.0,0,0,0,0,0.0,0,0,0,0,0,0,0,0.0,0,0.0,0,0,0,0,0,0,0,0.0,0,0.0,0.0,0.0,0.0,0.0,0.0,0,0.0,0.0,0,0.0,0,0.0,0,0.0,0,0,0.0,0,0,0.0
19,0.0,0.0,0.0,0.0,0.0,0.0,0.0,0.0,0.0,0.0,0.0,0.0,0.0,0.0,0.0,0.0,0.0,0.0,0.0,0.0,0.0,0.0,0.0,0.0,0.0,0,0,0,0.0,0,0,0,0,0,0,0,0,0,0.0,0,0,0,0,0.0,0,0,0,0,0,0,0,0.0,0,0.0,0,0,0,0,0,0,0,0.0,0,0.0,0.0,0.0,0.0,0.0,0.0,0,0.0,0.0,0,0.0,0,0.0,0,0.0,0,0,0.0,0,0,0.0
20,0.0,0.0,0.0,0.0,0.0,0.0,0.0,0.0,0.0,0.0,0.0,0.0,0.0,0.0,0.0,0.0,0.0,0.0,0.0,0.0,0.0,0.0,0.0,0.0,0.0,0,0,0,0.0,0,0,0,0,0,0,0,0,0,0.0,0,0,0,0,0.0,0,0,0,0,0,0,0,0.0,0,0.0,0,0,0,0,0,0,0,0.0,0,0.0,0.0,0.0,0.0,0.0,0.0,0,0.0,0.0,0,0.0,0,0.0,0,0.0,0,0,0.0,0,0,0.0
21,0.0,0.0,0.0,0.0,0.0,0.0,0.0,0.0,0.0,0.0,0.0,0.0,0.0,0.0,0.0,0.0,0.0,0.0,0.0,0.0,0.0,0.0,0.0,0.0,0.0,0,0,0,0.0,0,0,0,0,0,0,0,0,0,0.0,0,0,0,0,0.0,0,0,0,0,0,0,0,0.0,0,0.0,0,0,0,0,0,0,0,0.0,0,0.0,0.0,0.0,0.0,0.0,0.0,0,0.0,0.0,0,0.0,0,0.0,0,0.0,0,0,0.0,0,0,0.0
22,0.0,0.0,0.0,0.0,0.0,0.0,0.0,0.0,0.0,0.0,0.0,0.0,0.0,0.0,0.0,0.0,0.0,0.0,0.0,0.0,0.0,0.0,0.0,0.0,0.0,0,0,0,0.0,0,0,0,0,0,0,0,0,0,0.0,0,0,0,0,0.0,0,0,0,0,0,0,0,0.0,0,0.0,0,0,0,0,0,0,0,0.0,0,0.0,0.0,0.0,0.0,0.0,0.0,0,0.0,0.0,0,0.0,0,0.0,0,0.0,0,0,0.0,0,0,0.0
23,0.0,0.0,0.0,0.0,0.0,0.0,0.0,0.0,0.0,0.0,0.0,0.0,0.0,0.0,0.0,0.0,0.0,0.0,0.0,0.0,0.0,0.0,0.0,0.0,0.0,0,0,0,0.0,0,0,0,0,0,0,0,0,0,0.0,0,0,0,0,0.0,0,0,0,0,0,0,0,0.0,0,0.0,0,0,0,0,0,0,0,0.0,0,0.0,0.0,0.0,0.0,0.0,0.0,0,0.0,0.0,0,0.0,0,0.0,0,0.0,0,0,0.0,0,0,0.0
24,0.0,0.0,0.0,0.0,0.0,0.0,0.0,0.0,0.0,0.0,0.0,0.0,0.0,0.0,0.0,0.0,0.0,0.0,0.0,0.0,0.0,0.0,0.0,0.0,0.0,0,0,0,0.0,0,0,0,0,0,0,0,0,0,0.0,0,0,0,0,0.0,0,0,0,0,0,0,0,0.0,0,0.0,0,0,0,0,0,0,0,0.0,0,0.0,0.0,0.0,0.0,0.0,0.0,0,0.0,0.0,0,0.0,0,0.0,0,0.0,0,0,0.0,0,0,0.0
25,0.0,0.0,0.0,0.0,0.0,0.0,0.0,0.0,0.0,0.0,0.0,0.0,0.0,0.0,0.0,0.0,0.0,0.0,0.0,0.0,0.0,0.0,0.0,0.0,0.0,0,0,0,0.0,0,0,0,0,0,0,0,0,0,0.0,0,0,0,0,0.0,0,0,0,0,0,0,0,0.0,0,0.0,0,0,0,0,0,0,0,0.0,0,0.0,0.0,0.0,0.0,0.0,0.0,0,0.0,0.0,0,0.0,0,0.0,0,0.0,0,0,0.0,0,0,0.0
26,0.0104540023894863,0.0174603174603175,0.0146280734516029,0.0125786163522013,0.0131247752606976,0.0152167671547517,0.0136876006441224,0.0138888888888889,0.0102513227513228,0.0128600823045267,0.0177532904805632,0.0159420289855072,0.0167097329888028,0.0174418604651163,0.000364896916621055,0.00172265288544358,0.000607164541590771,0.000755857898715042,0.000307361303211926,0.00674705713465403,0.00305010893246187,0.00123456790123457,0.00402576489533011,0.00798838053740015,0.00462962962962963,0,0,0,0.000536768652710682,0,0,0,0,0,0,0,0,0,0.000949667616334283,0,0,0,0,0.00105820105820106,0,0,0,0,0,0,0,0.000336700336700337,0,0.000381825124093165,0,0,0,0,0,0,0,0.00205761316872428,0,0.00023665838362324,0.00161030595813205,0.000673400673400673,0.003584229390681,0.00148148148148148,0.000841750841750842,0,0.000597371565113501,0.00308641975308642,0,0.0017636684303351,0,0.000771604938271605,0,0.00264550264550265,0,0,0.000673400673400673,0,0,0.000861326442721792
27,0.0,0.0,0.0,0.0,0.0,0.0,0.0,0.0,0.0,0.0,0.0,0.0,0.0,0.0,0.0,0.0,0.0,0.0,0.0,0.0,0.0,0.0,0.0,0.0,0.0,0,0,0,0.0,0,0,0,0,0,0,0,0,0,0.0,0,0,0,0,0.0,0,0,0,0,0,0,0,0.0,0,0.0,0,0,0,0,0,0,0,0.0,0,0.0,0.0,0.0,0.0,0.0,0.0,0,0.0,0.0,0,0.0,0,0.0,0,0.0,0,0,0.0,0,0,0.0
28,0.0,0.0,0.0,0.0,0.0,0.0,0.0,0.0,0.0,0.0,0.0,0.0,0.0,0.0,0.0,0.0,0.0,0.0,0.0,0.0,0.0,0.0,0.0,0.0,0.0,0,0,0,0.0,0,0,0,0,0,0,0,0,0,0.0,0,0,0,0,0.0,0,0,0,0,0,0,0,0.0,0,0.0,0,0,0,0,0,0,0,0.0,0,0.0,0.0,0.0,0.0,0.0,0.0,0,0.0,0.0,0,0.0,0,0.0,0,0.0,0,0,0.0,0,0,0.0
29,0.00274036955840902,0.00457697642163662,0.00383454352614832,0.00329730719912072,0.0034404750683382,0.00398886129299315,0.00358801181933305,0.00364077669902913,0.0026872399445215,0.00337108953613808,0.00465377517451657,0.00417897847192908,0.00438022126890946,0.00457213818017611,9.56525897938687e-05,0.000451569202980357,0.000159159637116027,0.000198137507430157,8.05704387060388e-05,0.0017686460450064,0.000799543118218161,0.000323624595469256,0.00105529759392149,0.00209404150009518,0.00121359223300971,0,0,0,0.000140706345856198,0,0,0,0,0,0,0,0,0,0.000248941996514812,0,0,0,0,0.000277392510402219,0,0,0,0,0,0,0,8.8261253309797e-05,0,0.000100090081072966,0,0,0,0,0,0,0,0.000539374325782093,0,6.20366636682279e-05,0.000422119037568594,0.000176522506619594,0.000939555277168807,0.000388349514563107,0.000220653133274493,0,0.000156592546194801,0.000809061488673139,0,0.000462320850670365,0,0.000202265372168285,0,0.000693481276005548,0,0,0.000176522506619594,0,0,0.000225784601490178
30,0.0635716361522813,0.106177606177606,0.0889545007192066,0.0764915859255482,0.0798128225312691,0.0925343948599762,0.0832354093223658,0.0844594594594595,0.0623391248391248,0.0782032032032032,0.10795919886829,0.0969447708578143,0.101613241148125,0.106065367693275,0.00221896773620912,0.0104755918709407,0.00369221680697091,0.00459643316786174,0.00186908900601847,0.0410294014945178,0.0185479597244303,0.00750750750750751,0.0244810027418723,0.0485779897544603,0.0281531531531532,0,0,0,0.00326413369891631,0,0,0,0,0,0,0,0,0,0.00577500577500578,0,0,0,0,0.00643500643500643,0,0,0,0,0,0,0,0.00204750204750205,0,0.00232190953840438,0,0,0,0,0,0,0,0.0125125125125125,0,0.00143913881933051,0.00979240109674892,0.0040950040950041,0.021795989537925,0.00900900900900901,0.00511875511875512,0,0.0036326649229875,0.0187687687687688,0,0.0107250107250107,0,0.00469219219219219,0,0.0160875160875161,0,0,0.0040950040950041,0,0,0.00523779593547035
31,0.178302879915783,0.297802197802198,0.249495602436779,0.214540176804328,0.223855432593297,0.259536329303771,0.233454950846255,0.236888111888112,0.174845987345987,0.219340844340844,0.30279912924541,0.27190635451505,0.285000271046783,0.297487396324606,0.00622366139607519,0.0293814712419364,0.0103557644541251,0.0128918700347272,0.00524233719254466,0.115077429030917,0.052022487316605,0.0210567210567211,0.0686632208371339,0.136249371543489,0.078962703962704,0,0,0,0.00915509611161785,0,0,0,0,0,0,0,0,0,0.0161974777359393,0,0,0,0,0.018048618048618,0,0,0,0,0,0,0,0.00574274210637847,0,0.00651238795568693,0,0,0,0,0,0,0,0.0350945350945351,0,0.00403643215144813,0.0274652883348536,0.0114854842127569,0.0611324159711256,0.0252680652680653,0.0143568552659462,0,0.0101887359951876,0.0526418026418026,0,0.0300810300810301,0,0.0131604506604507,0,0.0451215451215451,0,0,0.0114854842127569,0,0,0.0146907356209682
32,0.235215053763441,0.392857142857143,0.329131652661064,0.283018867924528,0.295307443365696,0.342377260981912,0.307971014492754,0.3125,0.230654761904762,0.289351851851852,0.399449035812672,0.358695652173913,0.375968992248062,0.392441860465116,0.00821018062397373,0.0387596899224806,0.0136612021857923,0.0170068027210884,0.00691562932226833,0.151808785529716,0.0686274509803922,0.0277777777777778,0.0905797101449275,0.179738562091503,0.104166666666667,0,0,0,0.0120772946859903,0,0,0,0,0,0,0,0,0,0.0213675213675214,0,0,0,0,0.0238095238095238,0,0,0,0,0,0,0,0.00757575757575758,0,0.00859106529209622,0,0,0,0,0,0,0,0.0462962962962963,0,0.0053248136315229,0.036231884057971,0.0151515151515152,0.0806451612903226,0.0333333333333333,0.0189393939393939,0,0.0134408602150538,0.0694444444444444,0,0.0396825396825397,0,0.0173611111111111,0,0.0595238095238095,0,0,0.0151515151515152,0,0,0.0193798449612403
33,0.0,0.0,0.0,0.0,0.0,0.0,0.0,0.0,0.0,0.0,0.0,0.0,0.0,0.0,0.0,0.0,0.0,0.0,0.0,0.0,0.0,0.0,0.0,0.0,0.0,0,0,0,0.0,0,0,0,0,0,0,0,0,0,0.0,0,0,0,0,0.0,0,0,0,0,0,0,0,0.0,0,0.0,0,0,0,0,0,0,0,0.0,0,0.0,0.0,0.0,0.0,0.0,0.0,0,0.0,0.0,0,0.0,0,0.0,0,0.0,0,0,0.0,0,0,0.0
34,0.0,0.0,0.0,0.0,0.0,0.0,0.0,0.0,0.0,0.0,0.0,0.0,0.0,0.0,0.0,0.0,0.0,0.0,0.0,0.0,0.0,0.0,0.0,0.0,0.0,0,0,0,0.0,0,0,0,0,0,0,0,0,0,0.0,0,0,0,0,0.0,0,0,0,0,0,0,0,0.0,0,0.0,0,0,0,0,0,0,0,0.0,0,0.0,0.0,0.0,0.0,0.0,0.0,0,0.0,0.0,0,0.0,0,0.0,0,0.0,0,0,0.0,0,0,0.0
35,0.0,0.0,0.0,0.0,0.0,0.0,0.0,0.0,0.0,0.0,0.0,0.0,0.0,0.0,0.0,0.0,0.0,0.0,0.0,0.0,0.0,0.0,0.0,0.0,0.0,0,0,0,0.0,0,0,0,0,0,0,0,0,0,0.0,0,0,0,0,0.0,0,0,0,0,0,0,0,0.0,0,0.0,0,0,0,0,0,0,0,0.0,0,0.0,0.0,0.0,0.0,0.0,0.0,0,0.0,0.0,0,0.0,0,0.0,0,0.0,0,0,0.0,0,0,0.0
36,0.00705645161290323,0.0117857142857143,0.00987394957983193,0.00849056603773585,0.00885922330097087,0.0102713178294574,0.00923913043478261,0.009375,0.00691964285714286,0.00868055555555556,0.0119834710743802,0.0107608695652174,0.0112790697674419,0.0117732558139535,0.000246305418719212,0.00116279069767442,0.00040983606557377,0.000510204081632653,0.00020746887966805,0.00455426356589147,0.00205882352941176,0.000833333333333333,0.00271739130434783,0.0053921568627451,0.003125,0,0,0,0.00036231884057971,0,0,0,0,0,0,0,0,0,0.000641025641025641,0,0,0,0,0.000714285714285714,0,0,0,0,0,0,0,0.000227272727272727,0,0.000257731958762887,0,0,0,0,0,0,0,0.00138888888888889,0,0.000159744408945687,0.00108695652173913,0.000454545454545455,0.00241935483870968,0.001,0.000568181818181818,0,0.000403225806451613,0.00208333333333333,0,0.00119047619047619,0,0.000520833333333333,0,0.00178571428571429,0,0,0.000454545454545455,0,0,0.000581395348837209
37,0.00723738626964433,0.0120879120879121,0.0101271277741866,0.00870827285921625,0.00908638287279064,0.0105346849532896,0.00947603121516165,0.00961538461538462,0.0070970695970696,0.0089031339031339,0.0122907395634668,0.0110367892976589,0.0115682766845558,0.0120751341681574,0.000252620942276115,0.00119260584376863,0.000420344682639765,0.000523286237571952,0.000212788594531333,0.00467103955476049,0.00211161387631976,0.000854700854700855,0.00278706800445931,0.00553041729512318,0.00320512820512821,0,0,0,0.000371609067261241,0,0,0,0,0,0,0,0,0,0.000657462195923734,0,0,0,0,0.000732600732600733,0,0,0,0,0,0,0,0.000233100233100233,0,0.000264340470526038,0,0,0,0,0,0,0,0.00142450142450142,0,0.000163840419431474,0.00111482720178372,0.000466200466200466,0.00248138957816377,0.00102564102564103,0.000582750582750583,0,0.000413564929693962,0.00213675213675214,0,0.00122100122100122,0,0.000534188034188034,0,0.00183150183150183,0,0,0.000466200466200466,0,0,0.000596302921884317
38,0.0289495450785773,0.0483516483516484,0.0405085110967464,0.034833091436865,0.0363455314911626,0.0421387398131584,0.0379041248606466,0.0384615384615385,0.0283882783882784,0.0356125356125356,0.0491629582538673,0.0441471571906355,0.046273106738223,0.0483005366726297,0.00101048376910446,0.00477042337507454,0.00168137873055906,0.00209314495028781,0.000851154378125332,0.0186841582190419,0.00844645550527903,0.00341880341880342,0.0111482720178372,0.0221216691804927,0.0128205128205128,0,0,0,0.00148643626904496,0,0,0,0,0,0,0,0,0,0.00262984878369494,0,0,0,0,0.00293040293040293,0,0,0,0,0,0,0,0.000932400932400932,0,0.00105736188210415,0,0,0,0,0,0,0,0.0056980056980057,0,0.000655361677725895,0.00445930880713489,0.00186480186480186,0.00992555831265509,0.0041025641025641,0.00233100233100233,0,0.00165425971877585,0.00854700854700855,0,0.00488400488400488,0,0.00213675213675214,0,0.00732600732600733,0,0,0.00186480186480186,0,0,0.00238521168753727
39,0.0256598240469208,0.0428571428571429,0.0359052711993888,0.0308747855917667,0.0322153574580759,0.0373502466525722,0.033596837944664,0.0340909090909091,0.0251623376623377,0.0315656565656566,0.0435762584522915,0.0391304347826087,0.041014799154334,0.0428118393234672,0.000895656068069861,0.00422832980972516,0.0014903129657228,0.00185528756957328,0.000754432289701999,0.0165609584214235,0.00748663101604278,0.00303030303030303,0.00988142292490119,0.0196078431372549,0.0113636363636364,0,0,0,0.00131752305665349,0,0,0,0,0,0,0,0,0,0.00233100233100233,0,0,0,0,0.0025974025974026,0,0,0,0,0,0,0,0.000826446280991736,0,0.000937207122774133,0,0,0,0,0,0,0,0.00505050505050505,0,0.000580888759802498,0.00395256916996047,0.00165289256198347,0.00879765395894428,0.00363636363636364,0.00206611570247934,0,0.00146627565982405,0.00757575757575758,0,0.00432900432900433,0,0.00189393939393939,0,0.00649350649350649,0,0,0.00165289256198347,0,0,0.00211416490486258
40,0.00313620071684588,0.00523809523809524,0.00438842203548086,0.00377358490566038,0.00393743257820928,0.0045650301464255,0.00410628019323672,0.00416666666666667,0.00307539682539683,0.00385802469135802,0.00532598714416896,0.00478260869565217,0.00501291989664083,0.00523255813953488,0.000109469074986316,0.000516795865633075,0.000182149362477231,0.000226757369614512,9.22083909635777e-05,0.00202411714039621,0.000915032679738562,0.00037037037037037,0.00120772946859903,0.00239651416122004,0.00138888888888889,0,0,0,0.000161030595813205,0,0,0,0,0,0,0,0,0,0.000284900284900285,0,0,0,0,0.000317460317460317,0,0,0,0,0,0,0,0.000101010101010101,0,0.00011454753722795,0,0,0,0,0,0,0,0.000617283950617284,0,7.0997515086972e-05,0.000483091787439614,0.000202020202020202,0.0010752688172043,0.000444444444444444,0.000252525252525253,0,0.00017921146953405,0.000925925925925926,0,0.000529100529100529,0,0.000231481481481481,0,0.000793650793650794,0,0,0.000202020202020202,0,0,0.000258397932816537
41,0.179618768328446,0.3,0.251336898395722,0.216123499142367,0.225507502206531,0.261451726568006,0.235177865612648,0.238636363636364,0.176136363636364,0.220959595959596,0.305033809166041,0.273913043478261,0.287103594080338,0.299682875264271,0.00626959247648903,0.0295983086680761,0.0104321907600596,0.012987012987013,0.00528102602791399,0.115926708949965,0.0524064171122995,0.0212121212121212,0.0691699604743083,0.137254901960784,0.0795454545454545,0,0,0,0.00922266139657444,0,0,0,0,0,0,0,0,0,0.0163170163170163,0,0,0,0,0.0181818181818182,0,0,0,0,0,0,0,0.00578512396694215,0,0.0065604498594189296,0,0,0,0,0,0,0,0.0353535353535354,0,0.00406622131861748,0.0276679841897233,0.0115702479338843,0.06158357771261,0.0254545454545455,0.0144628099173554,0,0.0102639296187683,0.053030303030303,0,0.0303030303030303,0,0.0132575757575758,0,0.0454545454545455,0,0,0.0115702479338843,0,0,0.0147991543340381
42,0.0372208436724566,0.0621664050235479,0.0520823714101025,0.0447854032759693,0.0467299690600661,0.0541783797597751,0.0487338748208313,0.0494505494505494,0.0364992150706436,0.0457875457875458,0.0632095177549723,0.0567606306736742,0.0594939943777153,0.0621006900076667,0.00129919341742002,0.00613340148223869,0.00216177265357593,0.00269118636465575,0.001094341343304,0.0240224891387682,0.0108597285067873,0.0043956043956044,0.0143334925943622,0.0284421460892049,0.0164835164835165,0,0,0,0.00191113234591495,0,0,0,0,0,0,0,0,0,0.00338123415046492,0,0,0,0,0.00376766091051805,0,0,0,0,0,0,0,0.0011988011988012,0,0.00135946527699105,0,0,0,0,0,0,0,0.00732600732600733,0,0.000842607871361865,0.00573339703774486,0.0023976023976024,0.0127614321162708,0.00527472527472527,0.002997002997003,0,0.0021269053527118,0.010989010989011,0,0.00627943485086342,0,0.00274725274725275,0,0.00941915227629513,0,0,0.0023976023976024,0,0,0.00306670074111935
43,0.0161290322580645,0.0269387755102041,0.0225690276110444,0.0194070080862534,0.020249653259362,0.0234772978959025,0.0211180124223602,0.0214285714285714,0.0158163265306122,0.0198412698412698,0.0273907910271547,0.0245962732919255,0.02578073089701,0.0269102990033223,0.000562983814215341,0.0026578073089701,0.000936768149882904,0.00116618075801749,0.0004742145820984,0.0104097452934662,0.00470588235294118,0.0019047619047619,0.0062111801242236,0.0123249299719888,0.00714285714285714,0,0,0,0.00082815734989648,0,0,0,0,0,0,0,0,0,0.00146520146520147,0,0,0,0,0.00163265306122449,0,0,0,0,0,0,0,0.000519480519480519,0,0.000589101620029455,0,0,0,0,0,0,0,0.00317460317460317,0,0.000365130077590141,0.00248447204968944,0.00103896103896104,0.00552995391705069,0.00228571428571429,0.0012987012987013,0,0.000921658986175115,0.00476190476190476,0,0.00272108843537415,0,0.00119047619047619,0,0.00408163265306122,0,0,0.00103896103896104,0,0,0.00132890365448505
44,0.00495189586870402,0.00827067669172932,0.00692908742444346,0.00595829195630586,0.00621699880769886,0.00720794233646131,0.0064836003051106,0.00657894736842105,0.00485588972431078,0.0060916179337232,0.00840945338552994,0.00755148741418764,0.00791513667890657,0.00826193390452876,0.000172845907873131,0.000815993472052224,0.000287604256542997,0.000358037952022914,0.000145592196258281,0.00319597443220454,0.00144478844169247,0.000584795321637427,0.001906941266209,0.00378396972824217,0.00219298245614035,0,0,0,0.000254258835494533,0,0,0,0,0,0,0,0,0,0.000449842555105713,0,0,0,0,0.00050125313283208,0,0,0,0,0,0,0,0.000159489633173844,0,0.000180864532465184,0,0,0,0,0,0,0,0.000974658869395711,0,0.000112101339611008,0.0007627765064836,0.000318979266347687,0.00169779286926995,0.000701754385964912,0.000398724082934609,0,0.000282965478211658,0.00146198830409357,0,0.000835421888053467,0,0.000365497076023392,0,0.0012531328320802,0,0,0.000318979266347687,0,0,0.000407996736026112
45,0.0531790556334736,0.0888198757763975,0.0744123736451102,0.0639868744872847,0.066765161108766,0.0774070329176497,0.0696282293635791,0.0706521739130435,0.052148033126294,0.0654186795491143,0.0903102167924302,0.0810964083175803,0.0850016852039097,0.0887259858442872,0.00185621474976797,0.00876306033029997,0.00308861962461392,0.00384501626737652,0.00156353358590414,0.0343219862936749,0.0155157715260017,0.00628019323671498,0.020478890989288,0.0406365444728616,0.0235507246376812,0,0,0,0.00273051879857173,0,0,0,0,0,0,0,0,0,0.00483091787439614,0,0,0,0,0.00538302277432712,0,0,0,0,0,0,0,0.00171277997364954,0,0.00194232780516958,0,0,0,0,0,0,0,0.0104669887278583,0,0.00120387090799648,0.00819155639571519,0.00342555994729908,0.0182328190743338,0.00753623188405797,0.00428194993412385,0,0.00303880317905563,0.0157004830917874,0,0.00897170462387854,0,0.00392512077294686,0,0.0134575569358178,0,0,0.00342555994729908,0,0,0.00438153016514998
46,0.021712158808933,0.0362637362637363,0.0303813833225598,0.0261248185776488,0.0272591486183719,0.0316040548598688,0.0284280936454849,0.0288461538461538,0.0212912087912088,0.0267094017094017,0.0368722186904005,0.0331103678929766,0.0347048300536673,0.0362254025044723,0.000757862826828344,0.0035778175313059,0.00126103404791929,0.00156985871271586,0.000638365783593999,0.0140131186642815,0.00633484162895928,0.00256410256410256,0.00836120401337793,0.0165912518853695,0.00961538461538462,0,0,0,0.00111482720178372,0,0,0,0,0,0,0,0,0,0.0019723865877712,0,0,0,0,0.0021978021978022,0,0,0,0,0,0,0,0.000699300699300699,0,0.000793021411578113,0,0,0,0,0,0,0,0.00427350427350427,0,0.000491521258294421,0.00334448160535117,0.0013986013986014,0.00744416873449132,0.00307692307692308,0.00174825174825175,0,0.00124069478908189,0.00641025641025641,0,0.00366300366300366,0,0.0016025641025641,0,0.00549450549450549,0,0,0.0013986013986014,0,0,0.00178890876565295
47,0.011760752688172,0.0196428571428571,0.0164565826330532,0.0141509433962264,0.0147653721682848,0.0171188630490956,0.0153985507246377,0.015625,0.0115327380952381,0.0144675925925926,0.0199724517906336,0.0179347826086957,0.0187984496124031,0.0196220930232558,0.000410509031198686,0.00193798449612403,0.000683060109289617,0.000850340136054422,0.000345781466113416,0.00759043927648579,0.00343137254901961,0.00138888888888889,0.00452898550724638,0.00898692810457516,0.00520833333333333,0,0,0,0.000603864734299517,0,0,0,0,0,0,0,0,0,0.00106837606837607,0,0,0,0,0.00119047619047619,0,0,0,0,0,0,0,0.000378787878787879,0,0.000429553264604811,0,0,0,0,0,0,0,0.00231481481481481,0,0.000266240681576145,0.00181159420289855,0.000757575757575758,0.00403225806451613,0.00166666666666667,0.000946969696969697,0,0.000672043010752688,0.00347222222222222,0,0.00198412698412698,0,0.000868055555555556,0,0.00297619047619048,0,0,0.000757575757575758,0,0,0.000968992248062015
48,0.0735047043010753,0.122767857142857,0.102853641456583,0.0884433962264151,0.0922835760517799,0.106992894056848,0.0962409420289855,0.09765625,0.0720796130952381,0.0904224537037037,0.12482782369146,0.112092391304348,0.117490310077519,0.122638081395349,0.00256568144499179,0.0121124031007752,0.00426912568306011,0.00531462585034014,0.00216113416320885,0.0474402454780362,0.0214460784313725,0.00868055555555556,0.0283061594202899,0.0561683006535948,0.0325520833333333,0,0,0,0.00377415458937198,0,0,0,0,0,0,0,0,0,0.00667735042735043,0,0,0,0,0.00744047619047619,0,0,0,0,0,0,0,0.00236742424242424,0,0.00268470790378007,0,0,0,0,0,0,0,0.0144675925925926,0,0.00166400425985091,0.0113224637681159,0.00473484848484848,0.0252016129032258,0.0104166666666667,0.00591856060606061,0,0.0042002688172043,0.0217013888888889,0,0.0124007936507937,0,0.00542534722222222,0,0.0186011904761905,0,0,0.00473484848484848,0,0,0.0060562015503876
49,0.0299364613880743,0.05,0.0418894830659537,0.0360205831903945,0.0375845837010886,0.0435752877613343,0.0391963109354414,0.0397727272727273,0.0293560606060606,0.0368265993265993,0.0508389681943401,0.0456521739130435,0.0478505990133897,0.0499471458773784,0.00104493207941484,0.00493305144467935,0.00173869846000994,0.00216450216450216,0.000880171004652332,0.0193211181583275,0.00873440285204991,0.00353535353535354,0.0115283267457181,0.0228758169934641,0.0132575757575758,0,0,0,0.00153711023276241,0,0,0,0,0,0,0,0,0,0.00271950271950272,0,0,0,0,0.00303030303030303,0,0,0,0,0,0,0,0.000964187327823692,0,0.00109340830990316,0,0,0,0,0,0,0,0.00589225589225589,0,0.000677703553102914,0.00461133069828722,0.00192837465564738,0.0102639296187683,0.00424242424242424,0.00241046831955923,0,0.00171065493646139,0.00883838383838384,0,0.00505050505050505,0,0.00220959595959596,0,0.00757575757575758,0,0,0.00192837465564738,0,0,0.00246652572233968
50,0.0966995221027479,0.161507936507937,0.135309679427326,0.116352201257862,0.121404171161453,0.140755096181453,0.126610305958132,0.128472222222222,0.0948247354497355,0.118955761316872,0.16421793694521,0.147463768115942,0.154565030146426,0.161337209302326,0.00337529647874475,0.0159345391903531,0.00561627200971463,0.00699168556311413,0.00284309205471031,0.0624102784955498,0.0282135076252723,0.0114197530864198,0.0372383252818035,0.0738925199709513,0.0428240740740741,0,0,0,0.00496511003757381,0,0,0,0,0,0,0,0,0,0.00878442545109212,0,0,0,0,0.00978835978835979,0,0,0,0,0,0,0,0.00311447811447811,0,0.00353188239786178,0,0,0,0,0,0,0,0.0190329218106996,0,0.00218909004851497,0.0148953301127214,0.00622895622895623,0.0331541218637993,0.0137037037037037,0.00778619528619529,0,0.00552568697729988,0.0285493827160494,0,0.0163139329805996,0,0.00713734567901235,0,0.0244708994708995,0,0,0.00622895622895623,0,0,0.00796726959517657
51,0.12316715542522,0.205714285714286,0.172345301757066,0.14819897084048,0.154633715798764,0.179281183932347,0.161264822134387,0.163636363636364,0.120779220779221,0.151515151515152,0.209166040570999,0.187826086956522,0.196871035940803,0.205496828752643,0.00429914912673533,0.0202959830866808,0.00715350223546945,0.00890538033395176,0.0036212749905696,0.079492600422833,0.0359358288770053,0.0145454545454545,0.0474308300395257,0.0941176470588235,0.0545454545454545,0,0,0,0.00632411067193676,0,0,0,0,0,0,0,0,0,0.0111888111888112,0,0,0,0,0.0124675324675325,0,0,0,0,0,0,0,0.00396694214876033,0,0.00449859418931584,0,0,0,0,0,0,0,0.0242424242424242,0,0.00278826604705199,0.0189723320158103,0.00793388429752066,0.0422287390029326,0.0174545454545455,0.00991735537190083,0,0.00703812316715543,0.0363636363636364,0,0.0207792207792208,0,0.00909090909090909,0,0.0311688311688312,0,0,0.00793388429752066,0,0,0.0101479915433404
52,0.103362108132667,0.172635814889336,0.144632500887679,0.124368854637258,0.129768904690278,0.150453106234305,0.135333741579914,0.137323943661972,0.10135814889336,0.127151799687011,0.175532534047259,0.157624004898959,0.165214543072388,0.172453324598755,0.00360785402067578,0.0170324271208647,0.00600323250981298,0.00747341189997126,0.00303898077260242,0.0667103395567202,0.0301574150787075,0.0122065727699531,0.0398040416411513,0.0789837061585197,0.0457746478873239,0,0,0,0.0053072055521535,0,0,0,0,0,0,0,0,0,0.00938967136150235,0,0,0,0,0.0104627766599598,0,0,0,0,0,0,0,0.00332906530089629,0,0.00377522869173806,0,0,0,0,0,0,0,0.0203442879499218,0,0.0023399181028664,0.0159216166564605,0.00665813060179257,0.0354384370740572,0.0146478873239437,0.00832266325224072,0,0.00590640617900954,0.0305164319248826,0,0.0174379610999329,0,0.00762910798122066,0,0.0261569416498994,0,0,0.00665813060179257,0,0,0.00851621356043236
53,0.0902061855670103,0.150662739322533,0.126223685350429,0.108539194709201,0.113251926734061,0.131303444417805,0.118108471537427,0.119845360824742,0.0884572901325479,0.110967926689576,0.153190764249808,0.137561631555356,0.144186046511628,0.15050347638456,0.0031486465898126,0.0148645408774874,0.00523914145681933,0.00652219650746897,0.00265217949266373,0.058219451770159,0.0263189812007277,0.0106529209621993,0.0347377857463021,0.068930665049525,0.0399484536082474,0,0,0,0.00463170476617361,0,0,0,0,0,0,0,0,0,0.00819455458630716,0,0,0,0,0.00913107511045655,0,0,0,0,0,0,0,0.00290534208059981,0,0.00329471782336061,0,0,0,0,0,0,0,0.0177548682703322,0,0.00204209347518198,0.0138951142985208,0.00581068416119962,0.0309278350515464,0.0127835051546392,0.00726335520149953,0,0.00515463917525773,0.0266323024054983,0,0.0152184585174276,0,0.00665807560137457,0,0.0228276877761414,0,0,0.00581068416119962,0,0,0.00743227043874371
54,0.0,0.0,0.0,0.0,0.0,0.0,0.0,0.0,0.0,0.0,0.0,0.0,0.0,0.0,0.0,0.0,0.0,0.0,0.0,0.0,0.0,0.0,0.0,0.0,0.0,0,0,0,0.0,0,0,0,0,0,0,0,0,0,0.0,0,0,0,0,0.0,0,0,0,0,0,0,0,0.0,0,0.0,0,0,0,0,0,0,0,0.0,0,0.0,0.0,0.0,0.0,0.0,0.0,0,0.0,0.0,0,0.0,0,0.0,0,0.0,0,0,0.0,0,0,0.0
55,0.282258064516129,0.471428571428571,0.394957983193277,0.339622641509434,0.354368932038835,0.410852713178295,0.369565217391304,0.375,0.276785714285714,0.347222222222222,0.479338842975207,0.430434782608696,0.451162790697674,0.47093023255814,0.00985221674876847,0.0465116279069767,0.0163934426229508,0.0204081632653061,0.00829875518672199,0.182170542635659,0.0823529411764706,0.0333333333333333,0.108695652173913,0.215686274509804,0.125,0,0,0,0.0144927536231884,0,0,0,0,0,0,0,0,0,0.0256410256410256,0,0,0,0,0.0285714285714286,0,0,0,0,0,0,0,0.00909090909090909,0,0.0103092783505155,0,0,0,0,0,0,0,0.0555555555555556,0,0.00638977635782748,0.0434782608695652,0.0181818181818182,0.0967741935483871,0.04,0.0227272727272727,0,0.0161290322580645,0.0833333333333333,0,0.0476190476190476,0,0.0208333333333333,0,0.0714285714285714,0,0,0.0181818181818182,0,0,0.0232558139534884
56,0.270967741935484,0.452571428571429,0.379159663865546,0.326037735849057,0.340194174757282,0.394418604651163,0.354782608695652,0.36,0.265714285714286,0.333333333333333,0.460165289256198,0.413217391304348,0.433116279069767,0.452093023255814,0.00945812807881773,0.0446511627906977,0.0157377049180328,0.0195918367346939,0.00796680497925311,0.174883720930233,0.0790588235294118,0.032,0.104347826086957,0.207058823529412,0.12,0,0,0,0.0139130434782609,0,0,0,0,0,0,0,0,0,0.0246153846153846,0,0,0,0,0.0274285714285714,0,0,0,0,0,0,0,0.00872727272727273,0,0.00989690721649484,0,0,0,0,0,0,0,0.0533333333333333,0,0.00613418530351438,0.0417391304347826,0.0174545454545455,0.0929032258064516,0.0384,0.0218181818181818,0,0.0154838709677419,0.08,0,0.0457142857142857,0,0.02,0,0.0685714285714286,0,0,0.0174545454545455,0,0,0.0223255813953488
57,0.187038476486592,0.312392426850258,0.261719145489521,0.225051147988179,0.234822786290794,0.272251797889231,0.244892613933997,0.248493975903614,0.183412220309811,0.230087014725569,0.31763417305586,0.285227867993714,0.298963295040628,0.312062202297562,0.00652857736364176,0.0308209582516111,0.0108631246296662,0.0135234816818294,0.00549917512373144,0.12071541981881,0.0545712260807938,0.0220883534136546,0.072027239392352,0.142924639735412,0.0828313253012048,0,0,0,0.00960363191898027,0,0,0,0,0,0,0,0,0,0.0169910410874266,0,0,0,0,0.0189328743545611,0,0,0,0,0,0,0,0.00602409638554217,0,0.00683144950937772,0,0,0,0,0,0,0,0.036813922356091,0,0.00423418915277724,0.0288108957569408,0.0120481927710843,0.0641274776525457,0.0265060240963855,0.0150602409638554,0,0.0106879129420909,0.0552208835341365,0,0.0315547905909352,0,0.0138052208835341,0,0.0473321858864028,0,0,0.0120481927710843,0,0,0.0154104791258055
58,0.066060398078243,0.110334346504559,0.092436974789916,0.0794861501405058,0.0829374096261103,0.0961570179778987,0.0864939870490287,0.0877659574468085,0.0647796352583587,0.0812647754137116,0.112185686653772,0.100740055504163,0.105591291439881,0.110217714002969,0.00230583796247773,0.0108857001484414,0.0038367631670736,0.00477637863656101,0.00194226185221153,0.0426356589147287,0.0192740926157697,0.00780141843971631,0.0254394079555967,0.050479766374635,0.0292553191489362,0,0,0,0.00339192106074622,0,0,0,0,0,0,0,0,0,0.00600109110747409,0,0,0,0,0.00668693009118541,0,0,0,0,0,0,0,0.00212765957446809,0,0.00241280982671639,0,0,0,0,0,0,0,0.0130023640661939,0,0.00149547957310856,0.0101757631822387,0.00425531914893617,0.0226492793411119,0.00936170212765958,0.00531914893617021,0,0.00377487989018531,0.0195035460992908,0,0.011144883485309,0,0.0048758865248227,0,0.0167173252279635,0,0,0.00425531914893617,0,0,0.00544285007422068
59,0.105248769819574,0.175786924939467,0.147272468309358,0.126638951071314,0.132137567878888,0.153199316778347,0.137803979366249,0.139830508474576,0.103208232445521,0.129472693032015,0.178736517719569,0.160501105379514,0.168230193141506,0.175601103665747,0.00367370794021875,0.0173433188805676,0.00611280911364268,0.00760982359045313,0.0030944510865743,0.0679279989488898,0.0307078763708873,0.0124293785310734,0.0405305821665438,0.0804253904951811,0.0466101694915254,0,0,0,0.00540407762220585,0,0,0,0,0,0,0,0,0,0.00956106040851804,0,0,0,0,0.0106537530266344,0,0,0,0,0,0,0,0.00338983050847458,0,0.00384413769002272,0,0,0,0,0,0,0,0.0207156308851224,0,0.00238262847241025,0.0162122328666175,0.00677966101694915,0.0360852925095681,0.0149152542372881,0.00847457627118644,0,0.00601421541826134,0.0310734463276836,0,0.0177562550443906,0,0.0077683615819209,0,0.026634382566586,0,0,0.00677966101694915,0,0,0.0086716594402838
60,0.179618768328446,0.3,0.251336898395722,0.216123499142367,0.225507502206531,0.261451726568006,0.235177865612648,0.238636363636364,0.176136363636364,0.220959595959596,0.305033809166041,0.273913043478261,0.287103594080338,0.299682875264271,0.00626959247648903,0.0295983086680761,0.0104321907600596,0.012987012987013,0.00528102602791399,0.115926708949965,0.0524064171122995,0.0212121212121212,0.0691699604743083,0.137254901960784,0.0795454545454545,0,0,0,0.00922266139657444,0,0,0,0,0,0,0,0,0,0.0163170163170163,0,0,0,0,0.0181818181818182,0,0,0,0,0,0,0,0.00578512396694215,0,0.0065604498594189296,0,0,0,0,0,0,0,0.0353535353535354,0,0.00406622131861748,0.0276679841897233,0.0115702479338843,0.06158357771261,0.0254545454545455,0.0144628099173554,0,0.0102639296187683,0.053030303030303,0,0.0303030303030303,0,0.0132575757575758,0,0.0454545454545455,0,0,0.0115702479338843,0,0,0.0147991543340381
61,0.2665770609319,0.445238095238095,0.373015873015873,0.320754716981132,0.334681769147789,0.388027562446167,0.349033816425121,0.354166666666667,0.26140873015873,0.327932098765432,0.452708907254362,0.406521739130435,0.42609819121447,0.444767441860465,0.00930487137383689,0.0439276485788114,0.0154826958105647,0.0192743764172336,0.0078377132319041,0.172049956933678,0.0777777777777778,0.0314814814814815,0.102657004830918,0.203703703703704,0.118055555555556,0,0,0,0.0136876006441224,0,0,0,0,0,0,0,0,0,0.0242165242165242,0,0,0,0,0.026984126984127,0,0,0,0,0,0,0,0.00858585858585859,0,0.00973654066437572,0,0,0,0,0,0,0,0.0524691358024691,0,0.00603478878239262,0.0410628019323672,0.0171717171717172,0.0913978494623656,0.0377777777777778,0.0214646464646465,0,0.0152329749103943,0.0787037037037037,0,0.044973544973545,0,0.0196759259259259,0,0.0674603174603175,0,0,0.0171717171717172,0,0,0.0219638242894057
62,0.0368162692847125,0.0614906832298137,0.051516258677384,0.044298605414274,0.0462220346137611,0.0535894843276036,0.0482041587901701,0.0489130434782609,0.0361024844720497,0.0452898550724638,0.0625224577793748,0.0561436672967864,0.0588473205257836,0.0614256825075834,0.00128507174983937,0.00606673407482305,0.00213827512473272,0.00266193433895297,0.00108244632870287,0.0237613751263903,0.0107416879795396,0.00434782608695652,0.0141776937618147,0.0281329923273657,0.016304347826087,0,0,0,0.00189035916824197,0,0,0,0,0,0,0,0,0,0.00334448160535117,0,0,0,0,0.00372670807453416,0,0,0,0,0,0,0,0.00118577075098814,0,0.00134468848050202,0,0,0,0,0,0,0,0.0072463768115942,0,0.00083344909015141,0.0056710775047259,0.00237154150197628,0.0126227208976157,0.00521739130434783,0.00296442687747036,0,0.00210378681626928,0.0108695652173913,0,0.0062111801242236,0,0.00271739130434783,0,0.0093167701863354,0,0,0.00237154150197628,0,0,0.00303336703741153
63,0.0910800783262908,0.152122318575993,0.127446505758853,0.109590692627645,0.114349080306461,0.132575476137405,0.119252673982498,0.121006389776358,0.089314240073026,0.112042953496628,0.154674834314683,0.138894290873732,0.145582881343339,0.151961512742403,0.00317914981350037,0.0150085444683855,0.00528989682082439,0.00658538175653648,0.00267787307942147,0.0587834658345097,0.0265739522646119,0.0107561235356763,0.0350743158772052,0.0695984464073169,0.0403354632587859,0,0,0,0.00467657545029402,0,0,0,0,0,0,0,0,0,0.00827394118128942,0,0,0,0,0.00921953445915107,0,0,0,0,0,0,0,0.00293348823700261,0,0.00332663614505451,0,0,0,0,0,0,0,0.0179268725594604,0,0.00206187671610407,0.0140297263508821,0.00586697647400523,0.0312274554261569,0.0129073482428115,0.00733372059250654,0,0.00520457590435948,0.0268903088391906,0,0.0153658907652518,0,0.00672257720979766,0,0.0230488361478777,0,0,0.00586697647400523,0,0,0.00750427223419273
64,0.0,0.0,0.0,0.0,0.0,0.0,0.0,0.0,0.0,0.0,0.0,0.0,0.0,0.0,0.0,0.0,0.0,0.0,0.0,0.0,0.0,0.0,0.0,0.0,0.0,0,0,0,0.0,0,0,0,0,0,0,0,0,0,0.0,0,0,0,0,0.0,0,0,0,0,0,0,0,0.0,0,0.0,0,0,0,0,0,0,0,0.0,0,0.0,0.0,0.0,0.0,0.0,0.0,0,0.0,0.0,0,0.0,0,0.0,0,0.0,0,0,0.0,0,0,0.0
65,0.0256598240469208,0.0428571428571429,0.0359052711993888,0.0308747855917667,0.0322153574580759,0.0373502466525722,0.033596837944664,0.0340909090909091,0.0251623376623377,0.0315656565656566,0.0435762584522915,0.0391304347826087,0.041014799154334,0.0428118393234672,0.000895656068069861,0.00422832980972516,0.0014903129657228,0.00185528756957328,0.000754432289701999,0.0165609584214235,0.00748663101604278,0.00303030303030303,0.00988142292490119,0.0196078431372549,0.0113636363636364,0,0,0,0.00131752305665349,0,0,0,0,0,0,0,0,0,0.00233100233100233,0,0,0,0,0.0025974025974026,0,0,0,0,0,0,0,0.000826446280991736,0,0.000937207122774133,0,0,0,0,0,0,0,0.00505050505050505,0,0.000580888759802498,0.00395256916996047,0.00165289256198347,0.00879765395894428,0.00363636363636364,0.00206611570247934,0,0.00146627565982405,0.00757575757575758,0,0.00432900432900433,0,0.00189393939393939,0,0.00649350649350649,0,0,0.00165289256198347,0,0,0.00211416490486258
66,0.045525494276795,0.076036866359447,0.0637029005150447,0.0547778454047474,0.0571562793611024,0.0662665666416604,0.0596072931276297,0.0604838709677419,0.0446428571428571,0.0560035842293907,0.0773127166089043,0.0694249649368864,0.072768192048012,0.0759564891222806,0.0015890672175433,0.00750187546886722,0.00264410364886304,0.0032916392363397,0.00133850890108419,0.0293823455863966,0.0132827324478178,0.00537634408602151,0.017531556802244,0.0347881087919039,0.0201612903225806,0,0,0,0.00233754090696587,0,0,0,0,0,0,0,0,0,0.00413564929693962,0,0,0,0,0.00460829493087558,0,0,0,0,0,0,0,0.00146627565982405,0,0.0016627868307283,0,0,0,0,0,0,0,0.00896057347670251,0,0.00103060908997217,0.00701262272089762,0.00293255131964809,0.0156087408949011,0.00645161290322581,0.00366568914956012,0,0.00260145681581686,0.0134408602150538,0,0.00768049155145929,0,0.00336021505376344,0,0.0115207373271889,0,0,0.00293255131964809,0,0,0.00375093773443361
67,0.124193548387097,0.207428571428571,0.173781512605042,0.149433962264151,0.155922330097087,0.18077519379845,0.162608695652174,0.165,0.121785714285714,0.152777777777778,0.210909090909091,0.189391304347826,0.198511627906977,0.207209302325581,0.00433497536945813,0.0204651162790698,0.00721311475409836,0.00897959183673469,0.00365145228215768,0.0801550387596899,0.0362352941176471,0.0146666666666667,0.0478260869565217,0.0949019607843137,0.055,0,0,0,0.0063768115942029,0,0,0,0,0,0,0,0,0,0.0112820512820513,0,0,0,0,0.0125714285714286,0,0,0,0,0,0,0,0.004,0,0.0045360824742268,0,0,0,0,0,0,0,0.0244444444444444,0,0.00281150159744409,0.0191304347826087,0.008,0.0425806451612903,0.0176,0.01,0,0.00709677419354839,0.0366666666666667,0,0.020952380952381,0,0.00916666666666667,0,0.0314285714285714,0,0,0.008,0,0,0.0102325581395349
68,0.224523460410557,0.375,0.314171122994652,0.270154373927959,0.281884377758164,0.326814658210007,0.29397233201581,0.298295454545455,0.220170454545455,0.276199494949495,0.381292261457551,0.342391304347826,0.358879492600423,0.374603594080338,0.00783699059561128,0.0369978858350951,0.0130402384500745,0.0162337662337662,0.00660128253489249,0.144908386187456,0.0655080213903743,0.0265151515151515,0.0864624505928854,0.17156862745098,0.0994318181818182,0,0,0,0.0115283267457181,0,0,0,0,0,0,0,0,0,0.0203962703962704,0,0,0,0,0.0227272727272727,0,0,0,0,0,0,0,0.00723140495867769,0,0.00820056232427366,0,0,0,0,0,0,0,0.0441919191919192,0,0.00508277664827186,0.0345849802371542,0.0144628099173554,0.0769794721407625,0.0318181818181818,0.0180785123966942,0,0.0128299120234604,0.0662878787878788,0,0.0378787878787879,0,0.0165719696969697,0,0.0568181818181818,0,0,0.0144628099173554,0,0,0.0184989429175476
69,0.170667666916729,0.285049833887043,0.238811803791284,0.205353225098727,0.214269586814179,0.248422570758969,0.223458038422649,0.226744186046512,0.167358803986711,0.209948320413437,0.289832788775706,0.260262891809909,0.272796106003245,0.284748512709573,0.00595715431320884,0.0281233098972418,0.0099123141441098,0.0123398196487897,0.00501785197336679,0.110149630430864,0.0497948016415869,0.0201550387596899,0.0657229524772497,0.130414956680347,0.0755813953488372,0,0,0,0.00876306033029997,0,0,0,0,0,0,0,0,0,0.0155038759689922,0,0,0,0,0.0172757475083056,0,0,0,0,0,0,0,0.00549682875264271,0,0.00623351714217214,0,0,0,0,0,0,0,0.0335917312661499,0,0.00386358570473289,0.0262891809908999,0.0109936575052854,0.0585146286571643,0.0241860465116279,0.0137420718816068,0,0.00975243810952738,0.0503875968992248,0,0.0287929125138427,0,0.0125968992248062,0,0.0431893687707641,0,0,0.0109936575052854,0,0,0.0140616549486209
70,0.264047866805411,0.441013824884793,0.369476822987259,0.317711503347535,0.331506420294394,0.38434608652163,0.345722300140252,0.350806451612903,0.258928571428571,0.324820788530466,0.448413756331645,0.402664796633941,0.42205551387847,0.440547636909227,0.00921658986175115,0.0435108777194299,0.0153358011634056,0.0190915075707702,0.00776335162628831,0.1704176044011,0.0770398481973435,0.0311827956989247,0.101683029453015,0.201771030993042,0.116935483870968,0,0,0,0.0135577372604021,0,0,0,0,0,0,0,0,0,0.0239867659222498,0,0,0,0,0.0267281105990783,0,0,0,0,0,0,0,0.00850439882697947,0,0.00964416361822414,0,0,0,0,0,0,0,0.0519713261648745,0,0.00597753272183861,0.0406732117812062,0.0170087976539589,0.0905306971904266,0.0374193548387097,0.0212609970674487,0,0.0150884495317378,0.0779569892473118,0,0.0445468509984639,0,0.019489247311828,0,0.0668202764976959,0,0,0.0170087976539589,0,0,0.0217554388597149
71,0.0,0.0,0.0,0.0,0.0,0.0,0.0,0.0,0.0,0.0,0.0,0.0,0.0,0.0,0.0,0.0,0.0,0.0,0.0,0.0,0.0,0.0,0.0,0.0,0.0,0,0,0,0.0,0,0,0,0,0,0,0,0,0,0.0,0,0,0,0,0.0,0,0,0,0,0,0,0,0.0,0,0.0,0,0,0,0,0,0,0,0.0,0,0.0,0.0,0.0,0.0,0.0,0.0,0,0.0,0.0,0,0.0,0,0.0,0,0.0,0,0,0.0,0,0,0.0
72,0.0705645161290323,0.117857142857143,0.0987394957983193,0.0849056603773585,0.0885922330097087,0.102713178294574,0.0923913043478261,0.09375,0.0691964285714286,0.0868055555555556,0.119834710743802,0.107608695652174,0.112790697674419,0.117732558139535,0.00246305418719212,0.0116279069767442,0.00409836065573771,0.00510204081632653,0.0020746887966805,0.0455426356589147,0.0205882352941176,0.00833333333333333,0.0271739130434783,0.053921568627451,0.03125,0,0,0,0.0036231884057971,0,0,0,0,0,0,0,0,0,0.00641025641025641,0,0,0,0,0.00714285714285714,0,0,0,0,0,0,0,0.00227272727272727,0,0.00257731958762887,0,0,0,0,0,0,0,0.0138888888888889,0,0.00159744408945687,0.0108695652173913,0.00454545454545455,0.0241935483870968,0.01,0.00568181818181818,0,0.00403225806451613,0.0208333333333333,0,0.0119047619047619,0,0.00520833333333333,0,0.0178571428571429,0,0,0.00454545454545455,0,0,0.00581395348837209
73,0.0403225806451613,0.0673469387755102,0.056422569027611,0.0485175202156334,0.050624133148405,0.0586932447397564,0.0527950310559006,0.0535714285714286,0.0395408163265306,0.0496031746031746,0.0684769775678867,0.0614906832298137,0.0644518272425249,0.0672757475083056,0.00140745953553835,0.00664451827242525,0.00234192037470726,0.00291545189504373,0.001185536455246,0.0260243632336656,0.0117647058823529,0.00476190476190476,0.015527950310559,0.030812324929972,0.0178571428571429,0,0,0,0.0020703933747412,0,0,0,0,0,0,0,0,0,0.00366300366300366,0,0,0,0,0.00408163265306122,0,0,0,0,0,0,0,0.0012987012987013,0,0.00147275405007364,0,0,0,0,0,0,0,0.00793650793650794,0,0.000912825193975354,0.0062111801242236,0.0025974025974026,0.0138248847926267,0.00571428571428571,0.00324675324675325,0,0.00230414746543779,0.0119047619047619,0,0.00680272108843537,0,0.00297619047619048,0,0.0102040816326531,0,0,0.0025974025974026,0,0,0.00332225913621262
74,0.282258064516129,0.471428571428571,0.394957983193277,0.339622641509434,0.354368932038835,0.410852713178295,0.369565217391304,0.375,0.276785714285714,0.347222222222222,0.479338842975207,0.430434782608696,0.451162790697674,0.47093023255814,0.00985221674876847,0.0465116279069767,0.0163934426229508,0.0204081632653061,0.00829875518672199,0.182170542635659,0.0823529411764706,0.0333333333333333,0.108695652173913,0.215686274509804,0.125,0,0,0,0.0144927536231884,0,0,0,0,0,0,0,0,0,0.0256410256410256,0,0,0,0,0.0285714285714286,0,0,0,0,0,0,0,0.00909090909090909,0,0.0103092783505155,0,0,0,0,0,0,0,0.0555555555555556,0,0.00638977635782748,0.0434782608695652,0.0181818181818182,0.0967741935483871,0.04,0.0227272727272727,0,0.0161290322580645,0.0833333333333333,0,0.0476190476190476,0,0.0208333333333333,0,0.0714285714285714,0,0,0.0181818181818182,0,0,0.0232558139534884
75,0.0999663978494624,0.166964285714286,0.139880952380952,0.120283018867925,0.125505663430421,0.145510335917313,0.13088768115942,0.1328125,0.0980282738095238,0.122974537037037,0.169765840220386,0.152445652173913,0.159786821705426,0.166787790697674,0.00348932676518883,0.0164728682170543,0.00580601092896175,0.00722789115646259,0.00293914246196404,0.0645187338501292,0.0291666666666667,0.0118055555555556,0.0384963768115942,0.0763888888888889,0.0442708333333333,0,0,0,0.00513285024154589,0,0,0,0,0,0,0,0,0,0.00908119658119658,0,0,0,0,0.0101190476190476,0,0,0,0,0,0,0,0.00321969696969697,0,0.00365120274914089,0,0,0,0,0,0,0,0.0196759259259259,0,0.00226304579339723,0.0153985507246377,0.00643939393939394,0.0342741935483871,0.0141666666666667,0.00804924242424242,0,0.00571236559139785,0.0295138888888889,0,0.0168650793650794,0,0.00737847222222222,0,0.025297619047619,0,0,0.00643939393939394,0,0,0.00823643410852713
76,0.201612903225806,0.336734693877551,0.282112845138055,0.242587601078167,0.253120665742025,0.293466223698782,0.263975155279503,0.267857142857143,0.197704081632653,0.248015873015873,0.342384887839433,0.307453416149068,0.322259136212625,0.336378737541528,0.00703729767769177,0.0332225913621262,0.0117096018735363,0.0145772594752187,0.00592768227622999,0.130121816168328,0.0588235294117647,0.0238095238095238,0.077639751552795,0.15406162464986,0.0892857142857143,0,0,0,0.010351966873706,0,0,0,0,0,0,0,0,0,0.0183150183150183,0,0,0,0,0.0204081632653061,0,0,0,0,0,0,0,0.00649350649350649,0,0.00736377025036819,0,0,0,0,0,0,0,0.0396825396825397,0,0.00456412596987677,0.031055900621118,0.012987012987013,0.0691244239631336,0.0285714285714286,0.0162337662337662,0,0.0115207373271889,0.0595238095238095,0,0.0340136054421769,0,0.0148809523809524,0,0.0510204081632653,0,0,0.012987012987013,0,0,0.0166112956810631
77,0.221774193548387,0.370408163265306,0.310324129651861,0.266846361185984,0.278432732316227,0.32281284606866,0.290372670807453,0.294642857142857,0.217474489795918,0.27281746031746,0.376623376623377,0.338198757763975,0.354485049833887,0.370016611295681,0.00774102744546094,0.0365448504983389,0.0128805620608899,0.0160349854227405,0.00652045050385299,0.143133997785161,0.0647058823529412,0.0261904761904762,0.0854037267080745,0.169467787114846,0.0982142857142857,0,0,0,0.0113871635610766,0,0,0,0,0,0,0,0,0,0.0201465201465201,0,0,0,0,0.0224489795918367,0,0,0,0,0,0,0,0.00714285714285714,0,0.00810014727540501,0,0,0,0,0,0,0,0.0436507936507936,0,0.00502053856686445,0.0341614906832298,0.0142857142857143,0.076036866359447,0.0314285714285714,0.0178571428571429,0,0.0126728110599078,0.0654761904761905,0,0.0374149659863946,0,0.0163690476190476,0,0.0561224489795918,0,0,0.0142857142857143,0,0,0.0182724252491694
78,0.27537372147915,0.45993031358885,0.385324861651978,0.331339162448228,0.345725787354961,0.400831915295897,0.360551431601273,0.365853658536585,0.270034843205575,0.338753387533875,0.467647651683128,0.419936373276776,0.440158820192853,0.459444129325014,0.00961191877928631,0.0453771979580261,0.0159936025589764,0.0199104031856645,0.00809634652363121,0.177727358668936,0.0803443328550933,0.032520325203252,0.106044538706257,0.210425633668101,0.121951219512195,0,0,0,0.0141392718275009,0,0,0,0,0,0,0,0,0,0.0250156347717323,0,0,0,0,0.0278745644599303,0,0,0,0,0,0,0,0.00886917960088692,0,0.0100578325370883,0,0,0,0,0,0,0,0.0542005420054201,0,0.00623392815397803,0.0424178154825027,0.0177383592017738,0.0944138473642801,0.0390243902439024,0.0221729490022173,0,0.01573564122738,0.0813008130081301,0,0.0464576074332172,0,0.0203252032520325,0,0.0696864111498258,0,0,0.0177383592017738,0,0,0.022688598979013
79,0.227977667493797,0.380769230769231,0.319004524886878,0.274310595065312,0.286221060492905,0.331842576028623,0.298494983277592,0.302884615384615,0.223557692307692,0.280448717948718,0.387158296249205,0.347658862876254,0.364400715563506,0.380366726296959,0.00795755968169761,0.037567084078712,0.0132408575031526,0.0164835164835165,0.00670284072773699,0.147137745974955,0.0665158371040724,0.0269230769230769,0.0877926421404682,0.17420814479638,0.100961538461538,0,0,0,0.0117056856187291,0,0,0,0,0,0,0,0,0,0.0207100591715976,0,0,0,0,0.0230769230769231,0,0,0,0,0,0,0,0.00734265734265734,0,0.00832672482157018,0,0,0,0,0,0,0,0.0448717948717949,0,0.00516097321209142,0.0351170568561873,0.0146853146853147,0.0781637717121588,0.0323076923076923,0.0183566433566434,0,0.0130272952853598,0.0673076923076923,0,0.0384615384615385,0,0.0168269230769231,0,0.0576923076923077,0,0,0.0146853146853147,0,0,0.018783542039356
80,0.164222873900293,0.274285714285714,0.229793735676089,0.197598627787307,0.206178287731686,0.239041578576462,0.21501976284585,0.218181818181818,0.161038961038961,0.202020202020202,0.278888054094666,0.250434782608696,0.262494714587738,0.27399577167019,0.00573219883564711,0.027061310782241,0.00953800298062593,0.011873840445269,0.0048283666540928,0.105990133897111,0.0479144385026738,0.0193939393939394,0.0632411067193676,0.125490196078431,0.0727272727272727,0,0,0,0.00843214756258234,0,0,0,0,0,0,0,0,0,0.0149184149184149,0,0,0,0,0.0166233766233766,0,0,0,0,0,0,0,0.00528925619834711,0,0.00599812558575445,0,0,0,0,0,0,0,0.0323232323232323,0,0.00371768806273599,0.025296442687747,0.0105785123966942,0.0563049853372434,0.0232727272727273,0.0132231404958678,0,0.0093841642228739,0.0484848484848485,0,0.0277056277056277,0,0.0121212121212121,0,0.0415584415584416,0,0,0.0105785123966942,0,0,0.0135306553911205
81,0.0,0.0,0.0,0.0,0.0,0.0,0.0,0.0,0.0,0.0,0.0,0.0,0.0,0.0,0.0,0.0,0.0,0.0,0.0,0.0,0.0,0.0,0.0,0.0,0.0,0,0,0,0.0,0,0,0,0,0,0,0,0,0,0.0,0,0,0,0,0.0,0,0,0,0,0,0,0,0.0,0,0.0,0,0,0,0,0,0,0,0.0,0,0.0,0.0,0.0,0.0,0.0,0.0,0,0.0,0.0,0,0.0,0,0.0,0,0.0,0,0,0.0,0,0,0.0
82,0.222970982471645,0.372407045009785,0.311998772111584,0.268286378909279,0.279935275080906,0.324554883012991,0.291939646615049,0.296232876712329,0.218648075668624,0.274289700659564,0.378655798332013,0.340023823704586,0.356398003610492,0.372013380057343,0.00778280135861619,0.0367420622278857,0.0129500711131073,0.0161215170999907,0.00655563765891737,0.143906410392552,0.0650550631211389,0.0263318112633181,0.0858646019456025,0.170382308174411,0.0987442922374429,0,0,0,0.011448613592747,0,0,0,0,0,0,0,0,0,0.0202552394333216,0,0,0,0,0.022570123939987,0,0,0,0,0,0,0,0.00718140307181403,0,0.00814385915360354,0,0,0,0,0,0,0,0.0438863521055302,0,0.00504763155207376,0.034345840778241,0.0143628061436281,0.0764471939902784,0.0315981735159817,0.0179535076795351,0,0.0127411989983797,0.0658295281582953,0,0.0376168732333116,0,0.0164573820395738,0,0.0564253098499674,0,0,0.0143628061436281,0,0,0.0183710311139429
83,0.170667666916729,0.285049833887043,0.238811803791284,0.205353225098727,0.214269586814179,0.248422570758969,0.223458038422649,0.226744186046512,0.167358803986711,0.209948320413437,0.289832788775706,0.260262891809909,0.272796106003245,0.284748512709573,0.00595715431320884,0.0281233098972418,0.0099123141441098,0.0123398196487897,0.00501785197336679,0.110149630430864,0.0497948016415869,0.0201550387596899,0.0657229524772497,0.130414956680347,0.0755813953488372,0,0,0,0.00876306033029997,0,0,0,0,0,0,0,0,0,0.0155038759689922,0,0,0,0,0.0172757475083056,0,0,0,0,0,0,0,0.00549682875264271,0,0.00623351714217214,0,0,0,0,0,0,0,0.0335917312661499,0,0.00386358570473289,0.0262891809908999,0.0109936575052854,0.0585146286571643,0.0241860465116279,0.0137420718816068,0,0.00975243810952738,0.0503875968992248,0,0.0287929125138427,0,0.0125968992248062,0,0.0431893687707641,0,0,0.0109936575052854,0,0,0.0140616549486209
